index,cis
1001,6.0724637681159415
1002,1.6666666666666667
1003,4.333333333333333
1004,4.333333333333333
1005,1.6654478761364246
1006,1.5545891163976253
1007,1.6666666666666667
1008,2.165584401012969
1009,3.0
1010,1.6662918764557317
1011,1.6666666666666667
1012,4.085361352995514
1013,4.333333333333333
1014,2.1306406289147066
1015,2.129147018722806
1016,2.4199199271436678
1017,1.6666666666666667
1018,4.892886427839842
1019,2.9622581315349032
1020,3.748771600503771
1021,1.6666666666666667
1022,1.6666666666666667
1023,3.944971584047419
1024,3.057941762472127
1025,6.0724637681159415
1026,1.77359854668839
1027,4.598730938758161
1028,2.7941046542784105
1029,4.664849209113945
1030,3.041423060914709
1031,2.730083999932047
1032,1.6378563003340356
1033,1.6666666666666667
1034,1.6666666666666667
1035,4.386316971850655
1036,2.5041795454833307
1037,1.6666666666666667
1038,1.6666666666666667
1039,3.0
1040,2.997622511979149
1041,5.03381731668637
1042,5.028985507246376
1043,4.556504048346274
1044,2.2855694886436853
1045,6.0724637681159415
1046,6.0724637681159415
1047,1.6609543386123797
1048,4.479078219983435
1049,4.379334936171096
1050,1.6644795477187437
1051,3.0
1052,3.4674105065718472
1053,2.4578778209485663
1054,4.948713340212594
1055,3.983183141137627
1056,1.6648671854805963
1057,1.666552730285285
1058,1.621056293824469
1059,2.918094971897449
1060,1.6654337070736487
1061,1.6655714044899266
1062,4.833333333333333
1063,6.0724637681159415
1064,6.266496919757343
1065,4.400265760098742
1066,1.6546570647963714
1067,3.053779487567239
1068,4.333333333333333
1069,1.6355346918349078
1070,3.142579777786872
1071,1.5723114316843858
1072,1.6666666666666667
1073,1.6661184436438954
1074,4.333376025645635
1075,4.333376025645635
1076,2.974707852502816
1077,2.974707852502816
1078,2.983660456450456
1079,2.300743176668275
1080,2.8724908608542443
1081,2.8724908608542443
1082,4.333333333333333
1083,1.6666666666666667
1084,1.6666666666666667
1085,3.2543880396264977
1086,1.6666666666666667
1087,6.076062346829069
1088,4.333333333333333
1089,4.348763475951673
1090,4.335753293390698
1091,1.6666666666666667
1092,2.998673216622185
1093,1.6666666666666667
1094,4.335862660850517
1095,5.020825507356896
1096,4.834129032990146
1097,2.2366381827361312
1098,1.6666666666666667
1099,1.5597713945474294
1100,1.5597713945474294
1101,4.34789963837535
1102,1.6311358902308695
1103,1.6666666666666667
1104,4.333333333333333
1105,1.6307173217477615
1106,2.7175902983608284
1107,3.7710003002937684
1108,1.6666666666666667
1109,4.333333333333333
1110,1.6660037975205308
1111,3.9304593168501336
1112,4.122884480633188
1113,4.333333333333333
1114,1.6664611881685951
1115,3.270817435345695
1116,3.5432483331670883
1117,4.361982378381267
1118,2.9935444817440646
1119,2.9453499161374577
1120,3.5061269140751246
1121,3.0
1122,4.833333333333333
1123,3.11046278397903
1124,1.6666666666666667
1125,3.8291035692276334
1126,4.333333333333333
1127,6.072739496249692
1128,3.315270141135688
1129,1.6666666666666667
1130,4.333333333333333
1131,4.333333333333333
1132,4.333333333333333
1133,1.6527582360863213
1134,3.1393406312059544
1135,1.6050030098816597
1136,3.017714824057918
1137,1.6655458955682851
1138,4.833333333333333
1139,4.345979427693938
1140,4.833333333333333
1141,6.0724637681159415
1142,6.0724637681159415
1143,1.6281321681417036
1144,3.067891065370211
1145,1.6666666666666667
1146,1.665997825772196
1147,5.553014308227522
1148,4.333333333333333
1149,1.6440218295088314
1150,4.102077551555434
1151,4.102077551555434
1152,6.0724637681159415
1153,1.6666666666666667
1154,1.6437000869312428
1155,1.6666666666666667
1156,4.333333333333333
1157,1.6482727409334883
1158,1.6655637462235648
1159,1.6474440623278508
1160,5.406162371054199
1161,1.6666666666666667
1162,6.128478398682403
1163,2.731973871594009
1164,1.6345985356429111
1165,1.6666650001860617
1166,1.6666666666666667
1167,1.6666666666666667
1168,6.077849162637098
1169,1.6482447437505117
1170,6.0724637681159415
1171,3.4961009811925576
1172,4.333333333333333
1173,4.333333333333333
1174,5.97325158714958
1175,3.048433155071156
1176,1.6658416119505919
1177,4.989739641154383
1178,5.8389888253248365
1179,1.6666666666666667
1180,1.6666666666666667
1181,4.221444016998719
1182,4.1253453807921865
1183,1.6658141605620087
1184,1.6666666666666667
1185,3.0
1186,4.335943388665089
1187,4.333333333333333
1188,2.8814377066942165
1189,4.555202871407682
1190,1.6666666666666667
1191,1.6653583397468095
1192,1.657936064420891
1193,1.6666666666666667
1194,1.6666666666666667
1195,1.648607408534577
1196,4.333333333333333
1197,1.6666666666666667
1198,1.6666666666666667
1199,1.665752164270303
1200,4.473379854093796
1201,6.0724637681159415
1202,3.2536321391102727
1203,6.0724637681159415
1204,2.9996390682582947
1205,2.9996390682582947
1206,2.931055483868685
1207,5.324854381425468
1208,3.0558489639337973
1209,1.7306361472750564
1210,1.7306361472750564
1211,1.6666666666666667
1212,2.5523618253243963
1213,3.2343960660926157
1214,6.0724637681159415
1215,3.8356476222442306
1216,3.3368475030400857
1217,1.6666666666666667
1218,4.333333333333333
1219,2.817271118705241
1220,1.655443338869197
1221,3.0455575261167316
1222,4.33333441945247
1223,4.143045043444766
1224,4.1734107437639185
1225,1.6366282098852065
1226,4.333333333333333
1227,4.333333333333333
1228,1.6497700583218824
1229,1.666666659960014
1230,1.6666666666666667
1231,1.6195017689995714
1232,1.6666666666666667
1233,3.211673958095606
1234,1.5928942686014287
1235,4.333333333333333
1236,4.336651597972981
1237,4.337296555395512
1238,1.6648977223019799
1239,1.6646167381489512
1240,1.6523593492030977
1241,4.333333333333333
1242,1.5610120572134258
1243,1.5610120572134258
1244,3.8197950822851747
1245,1.6505129132651644
1246,4.556676725237656
1247,6.0724637681159415
1248,2.773207852077781
1249,5.754431114611164
1250,1.6584729833736596
1251,5.684198673201477
1252,1.6478383350605412
1253,6.0724637681159415
1254,1.6666666666666667
1255,1.6666666666666667
1256,1.6580658294907817
1257,2.993439297071633
1258,1.6666666666666667
1259,4.333333333333333
1260,4.333333333333333
1261,3.929750486363583
1262,3.929750486363583
1263,5.112644738077824
1264,1.6645022332872863
1265,2.1636344257328233
1266,3.0
1267,1.599561165622747
1268,6.082185909071561
1269,6.082185909071561
1270,6.082185909071561
1271,6.082185909071561
1272,1.6366775784541314
1273,2.9616666085534993
1274,1.5767786844997247
1275,3.874339996728402
1276,1.5726786997073776
1277,4.333333333333333
1278,4.333333333333333
1279,4.335280971480802
1280,4.333333333333333
1281,1.5884940208643008
1282,5.716634030135514
1283,4.381008257669362
1284,3.9981666813496606
1285,1.6666666666666667
1286,1.6666666666666667
1287,4.367064933233021
1288,2.6939972764873445
1289,4.333333333333333
1290,3.1951035393156277
1291,1.6666535458076255
1292,1.663510367505284
1293,1.663510367505284
1294,1.6666666666666667
1295,3.4136469711258917
1296,2.993774204498776
1297,2.995152578354014
1298,3.1442381263079047
1299,1.6665618049317295
1300,1.6657209410065232
1301,1.6646189085355596
1302,1.5773256310735428
1303,1.5773256310735428
1304,1.5773256310735428
1305,2.723566632267706
1306,3.8657134921989478
1307,3.8657134921989478
1308,3.0019912518323677
1309,4.333333333333333
1310,4.333333333333333
1311,4.333333333333333
1312,1.604507095501744
1313,4.383354101210354
1314,2.9974934393755666
1315,3.9984349139312463
1316,3.109788375249904
1317,1.6657311077389985
1318,4.333333333333333
1319,3.8323953500714287
1320,4.357167348629824
1321,2.391932906643017
1322,1.5834757089980258
1323,6.0721927185035725
1324,1.6666666666666667
1325,2.1932000312414
1326,3.0239989511996264
1327,5.980782800575644
1328,4.346021117795013
1329,2.9746311098536475
1330,1.6666451592165845
1331,1.6155438621906602
1332,4.333333333333333
1333,4.836749201288034
1334,1.6666082802147177
1335,5.94830433599597
1336,6.0724637681159415
1337,1.5517168314141556
1338,4.683873290367187
1339,4.333333333333333
1340,3.0019938365678795
1341,2.2029704420968867
1342,4.333333333333333
1343,1.6497786302579691
1344,1.6663777835470104
1345,1.5777807030530289
1346,1.6666666666666667
1347,1.666225716651065
1348,1.6195063645954868
1349,1.6195063645954868
1350,4.527090786480701
1351,4.360751423055342
1352,1.659926940293601
1353,6.039422634850485
1354,3.0
1355,2.9312174229684076
1356,1.5493746243377131
1357,1.6655719682079757
1358,1.6544375832183318
1359,4.333333333333333
1360,1.6587058899141318
1361,3.3877198285601366
1362,6.0724637681159415
1363,2.754785482090639
1364,3.6295152898155405
1365,1.6646506188667625
1366,1.6635757303896643
1367,1.6635757303896643
1368,1.6262893044234161
1369,1.6641581316830922
1370,2.9431363313016994
1371,3.3476709041303696
1372,1.6625803305075346
1373,4.333333333333333
1374,2.278869690912006
1375,4.333333333333333
1376,1.6621227572740005
1377,1.6354983018327534
1378,4.333333333333333
1379,1.6249858331903402
1380,1.6666666666666667
1381,1.6666666666666667
1382,4.333333333333333
1383,1.6666666666666667
1384,4.333333333333333
1385,2.823394073053133
1386,4.333333333333333
1387,1.6579295201625344
1388,1.6666666666666667
1389,4.333333333333333
1390,4.333333333333333
1391,1.6582602883236495
1392,4.313121779030569
1393,4.333333333333333
1394,3.253587792785387
1395,1.6666666666666667
1396,3.0
1397,5.6127992412290855
1398,4.059979419567662
1399,4.333333333333333
1400,3.0003714683167875
1401,1.625400141060952
1402,4.596904923200083
1403,4.1873984944461915
1404,2.0270054520060263
1405,4.333333333333333
1406,1.6666666666666667
1407,4.938850823104719
1408,1.6384037805162321
1409,6.0724637681159415
1410,1.6666666666666667
1411,2.5451583580951955
1412,1.6666666666666667
1413,1.6654271415453288
1414,1.6587188004413276
1415,3.770231522325595
1416,3.770231522325595
1417,6.0724637681159415
1418,4.333333333333333
1419,1.6654274901287744
1420,1.6666666666666667
1421,3.70995210244798
1422,1.6662052543788155
1423,1.6662052543788155
1424,4.333333333333333
1425,1.6662707756380195
1426,4.333333333333333
1427,1.6617057188444058
1428,1.6155775674538393
1429,6.0724637681159415
1430,1.6666666666666667
1431,1.6666666666666667
1432,2.161011667123537
1433,6.0724637681159415
1434,2.695736423902806
1435,2.7706904111353565
1436,2.718747395531544
1437,1.666626181351486
1438,1.6659841925981254
1439,1.9585680979413982
1440,1.671345402025282
1441,3.2206704617330812
1442,1.6666666666666667
1443,4.317723207826674
1444,1.6666666666666667
1445,1.6666666666666667
1446,1.6657640771078028
1447,4.333333333333333
1448,6.0724637681159415
1449,4.333333333333333
1450,2.335169173383983
1451,3.2904770968095933
1452,1.6666666666666667
1453,2.5152481909948943
1454,1.6659919030936499
1455,1.665422206645796
1456,1.6161608606676043
1457,4.925433388092762
1458,1.6592143484674624
1459,3.0915279767685204
1460,1.6666666666666667
1461,4.333333333333333
1462,4.333333333333333
1463,3.091556860593969
1464,4.338224457894259
1465,3.0
1466,2.9868182777145145
1467,4.432821058975769
1468,1.666478409881839
1469,1.6486388918157284
1470,4.599942517873643
1471,1.6468877483300464
1472,3.0
1473,4.333333333333333
1474,3.808130209534569
1475,3.808130209534569
1476,1.5776538276194831
1477,4.333333333333333
1478,1.6548549997065054
1479,1.6548549997065054
1480,3.6483256573708625
1481,4.333333333333333
1482,4.333333333333333
1483,4.333333333333333
1484,5.912432373625651
1485,3.3856773212940494
1486,4.373876903623436
1487,4.049828755680608
1488,4.334810568477366
1489,1.6649658735878794
1490,2.5251684122557303
1491,3.4041320141120206
1492,4.775862652207535
1493,5.686054342033676
1494,5.686054342033676
1495,1.6665945067888897
1496,1.6666666666666667
1497,4.382042712700921
1498,3.0
1499,1.6497077475377881
1500,3.0458884182498904
1501,1.6666666666666667
1502,4.348580368170953
1503,3.551999081874769
1504,2.6073651242264693
1505,4.071551625504565
1506,6.0724637681159415
1507,1.6666666666666667
1508,1.6666666666666667
1509,3.354625771357948
1510,4.333333333333333
1511,6.0724637681159415
1512,1.6666666666666667
1513,3.858382137155352
1514,1.6666666666666667
1515,6.0724637681159415
1516,5.871143265911105
1517,2.996427134443227
1518,3.84089590560452
1519,1.6666666666666667
1520,3.0
1521,4.33360593985072
1522,1.6666666666666667
1523,4.804403520012393
1524,4.333333333333333
1525,4.333333333333333
1526,4.736814208664055
1527,4.333333333333333
1528,1.6666357404489305
1529,4.333333333333333
1530,4.333333333333333
1531,1.6666375509015947
1532,1.6578334016567333
1533,1.6578334016567333
1534,1.6666666666666667
1535,4.3400886556331235
1536,2.542392658431495
1537,4.833333333333333
1538,5.416740992297076
1539,4.308343047974578
1540,2.2181995281651448
1541,2.2181995281651448
1542,4.333333333333333
1543,1.6666666666666667
1544,4.333333333333333
1545,2.162815496942715
1546,4.333333333333333
1547,1.6655611869714222
1548,4.4373660020140155
1549,6.0724637681159415
1550,1.5887960444862523
1551,1.6666666666666667
1552,6.063956504344943
1553,4.333333333333333
1554,2.9769428730912266
1555,3.5677565400585296
1556,1.6666666666666667
1557,4.35845043730598
1558,4.333333333333333
1559,3.0
1560,4.333600954635134
1561,3.2017073287371605
1562,1.6666666666666667
1563,1.6666666666666667
1564,4.333333333333333
1565,4.353016821298346
1566,1.6666666666666667
1567,1.6276923969098445
1568,1.6496950937366506
1569,3.0
1570,4.333333333333333
1571,3.75310438783671
1572,1.6648468641543395
1573,1.6648468641543395
1574,4.334613002819815
1575,4.333333333333333
1576,1.6781405829290215
1577,1.6260891664098958
1578,1.6666202195806694
1579,3.6459313188074836
1580,4.333333333333333
1581,4.333333333333333
1582,4.333333333333333
1583,4.333333333333333
1584,5.736971908210303
1585,4.334112881398436
1586,4.3531711557514905
1587,2.477758991926394
1588,1.5777041051044063
1589,5.540863274245171
1590,4.258562074168958
1591,1.6601843936916338
1592,3.0
1593,4.986526681920463
1594,1.6030502779755549
1595,1.6662557026292188
1596,4.334986971651419
1597,5.46431209393267
1598,1.6662902991731958
1599,4.333333333333333
1600,3.9868228752535577
1601,2.3897492860044203
1602,3.081939445720754
1603,4.318975836965525
1604,3.0
1605,6.0724637681159415
1606,4.337027167734472
1607,1.6666666666666667
1608,3.000032086360097
1609,3.0
1610,1.6566288639730362
1611,3.9538488442390403
1612,1.6666666666666667
1613,5.11363711235364
1614,1.6666666666666667
1615,5.656890463226693
1616,4.335309419480399
1617,4.333333333333333
1618,4.012235556999489
1619,4.189668963718536
1620,4.1591357691451805
1621,1.6243246976352455
1622,4.333333333333333
1623,4.333333333333333
1624,4.333333333333333
1625,1.6666298586977841
1626,1.6505355126224839
1627,4.333333333333333
1628,4.817706328075321
1629,4.817706328075321
1630,3.0
1631,3.0
1632,2.3462923716232966
1633,2.3462923716232966
1634,2.3462923716232966
1635,1.6663060383028683
1636,1.6666666666666667
1637,6.0724637681159415
1638,1.627210738996605
1639,6.0724637681159415
1640,3.352972438152756
1641,3.218157938412121
1642,4.333333333333333
1643,1.665035545611345
1644,1.6475848873886942
1645,3.1757448555820083
1646,3.1757448555820083
1647,3.088017298561135
1648,4.333333333333333
1649,4.313121779030569
1650,1.783501926272584
1651,1.6575940738616435
1652,5.828582201869583
1653,4.333333333333333
1654,3.632739820125345
1655,1.6510421999643552
1656,2.0814666490193288
1657,5.102476595990178
1658,4.871493071506703
1659,1.6666666666666667
1660,4.333333333333333
1661,2.9890479447065097
1662,3.6166799460877996
1663,1.6666666666666667
1664,6.0724637681159415
1665,1.6657838660888673
1666,1.6666666666666667
1667,1.5890534391534392
1668,3.9540885032618838
1669,3.0
1670,1.5596656649087057
1671,2.716247641102772
1672,4.31132333393666
1673,2.277223693352967
1674,4.3198173277001795
1675,1.660886727826353
1676,2.9074488891153467
1677,1.6666666666666667
1678,3.073940874625839
1679,1.6666666666666667
1680,2.7312073078601955
1681,4.333333333333333
1682,1.656078273792249
1683,6.0724637681159415
1684,3.2584417410302793
1685,4.063233961716916
1686,4.175546721157347
1687,1.6574662945776542
1688,1.6666666666666667
1689,1.6088058989557743
1690,6.0724637681159415
1691,1.6131994655265163
1692,3.0051228836223074
1693,1.6666515846932124
1694,2.971791196918609
1695,1.5624130848323907
1696,1.6666666666666667
1697,4.333333333333333
1698,4.333333333333333
1699,4.333620539377994
1700,1.6654316198197252
1701,4.2989292234606555
1702,1.6666666666666667
1703,3.1206491414952207
1704,3.526443374547665
1705,3.526443374547665
1706,2.9858525753922054
1707,1.5643767110206783
1708,1.5643767110206783
1709,1.6653155238787694
1710,4.333333333333333
1711,3.020887609754919
1712,1.6553836063730478
1713,3.0
1714,4.338753532041191
1715,2.9940119088825683
1716,4.331652313122134
1717,1.6666666666666667
1718,2.8072864666438306
1719,1.664176561189164
1720,6.067163776580697
1721,3.0027824642915513
1722,1.6638554723886676
1723,1.66566989843939
1724,1.66566989843939
1725,4.333333333333333
1726,6.0724637681159415
1727,2.3833219809627693
1728,6.2361720888998775
1729,1.650083387834659
1730,3.32214854060885
1731,5.948333734111009
1732,6.0724637681159415
1733,4.3237629214414675
1734,4.333333333333333
1735,1.602743621198174
1736,3.0
1737,1.6666358231639886
1738,1.6666358231639886
1739,1.6497081993904457
1740,5.140324044562104
1741,3.879769086279619
1742,2.9970405397597344
1743,4.335116790905399
1744,6.049581746208261
1745,1.6660424747000493
1746,4.767412995966787
1747,1.6398831751749725
1748,4.333509618726913
1749,3.145254363836733
1750,4.386870344820987
1751,3.8099921505380507
1752,4.465133958249562
1753,4.315053602098436
1754,4.333333333333333
1755,4.333333333333333
1756,2.4838261248612103
1757,6.0724637681159415
1758,1.6666666666666667
1759,1.6666666666666667
1760,1.6666666666666667
1761,4.333390987606814
1762,1.6644138626141058
1763,2.9758805196511533
1764,1.6666666666666667
1765,1.6514486160749529
1766,1.6666666666666667
1767,1.6387651695252565
1768,3.845886166748565
1769,4.360647577051081
1770,2.0870517562353066
1771,6.0724637681159415
1772,4.621949601030261
1773,4.333333333333333
1774,1.6666666666666667
1775,1.6666666666666667
1776,4.333333333333333
1777,6.0724637681159415
1778,4.8794950588210435
1779,1.6406490894664845
1780,1.6406490894664845
1781,1.6493670690273285
1782,1.621504170674946
1783,2.90006484163553
1784,1.649747040959512
1785,1.5933647600168366
1786,4.596388114261331
1787,1.6666666666666667
1788,6.0724637681159415
1789,3.0054837453049306
1790,1.6666666666666667
1791,1.6666666666666667
1792,4.42926067587662
1793,1.55307946555944
1794,1.6666666666666667
1795,1.6220240646167134
1796,4.559343962995548
1797,1.66652977687748
1798,3.404237832436875
1799,3.404237832436875
1800,1.6666666666666667
1801,1.6666666666666667
1802,3.0146144874648977
1803,1.663149129685344
1804,1.6525005277910527
1805,1.6666666666666667
1806,4.333333333333333
1807,1.652810382274839
1808,6.0724637681159415
1809,5.000598218820037
1810,5.000598218820037
1811,3.0
1812,4.054808370344234
1813,4.333333333333333
1814,2.959572193735767
1815,2.939553078472069
1816,4.333333333333333
1817,2.9903056019309076
1818,1.6497614846703677
1819,3.953760778509036
1820,6.0724637681159415
1821,1.7442723605173154
1822,2.999999765573465
1823,1.9106398030451344
1824,1.9106398030451344
1825,1.6502487747449481
1826,1.6316654129370913
1827,1.6584920826468679
1828,2.9929521030310045
1829,4.333333333333333
1830,4.351283529328901
1831,4.351283529328901
1832,4.72398839580632
1833,2.3710920694660267
1834,3.990596392827195
1835,4.333360687493218
1836,5.195409247183426
1837,1.5680232205862183
1838,3.140521331157479
1839,4.333333333333333
1840,2.994404520768157
1841,6.0724637681159415
1842,2.8300738667086875
1843,1.6666666666666667
1844,4.333333333333333
1845,1.6666666666666667
1846,3.467345159710244
1847,1.5839380498713573
1848,1.6666666666666667
1849,1.648652311972471
1850,1.648652311972471
1851,1.6621468594038171
1852,1.663830540102717
1853,1.6666666666666667
1854,1.597852403540962
1855,2.6318373107179336
1856,4.416933348875172
1857,1.6659319291048484
1858,3.9634249855836816
1859,5.851792152066531
1860,3.765827735866877
1861,4.340820976685894
1862,1.6394265164403186
1863,1.6553705703907302
1864,4.152570903771024
1865,4.152570903771024
1866,6.0724637681159415
1867,1.5796570765280793
1868,3.004150628142749
1869,4.333333333333333
1870,1.60891881581278
1871,6.0724637681159415
1872,1.658281966537596
1873,1.6666666666666667
1874,2.999908303742904
1875,1.6660109224562099
1876,1.6666666666666667
1877,4.333333333333333
1878,1.6666666666666667
1879,2.4467803373074895
1880,1.6666666666666667
1881,2.7651311261959712
1882,3.2689502441052882
1883,1.6666666666666667
1884,3.1016075099180425
1885,4.333333333333333
1886,2.0280754852077614
1887,1.6666666666666667
1888,2.394823263333799
1889,1.6653470281326648
1890,1.6189452652231358
1891,2.3286638829154658
1892,2.3286638829154658
1893,4.338366073105436
1894,4.711438212982308
1895,4.333333333333333
1896,3.93828068478136
1897,5.779940771367329
1898,1.6656220495407057
1899,4.333333333333333
1900,2.9243382231741197
1901,6.0724637681159415
1902,1.655879500891266
1903,1.6514373604404557
1904,1.5907763460860016
1905,3.0
1906,5.540264309284015
1907,6.214791109955962
1908,4.5137689063705535
1909,3.0
1910,4.931666477687784
1911,4.931666477687784
1912,1.9126637663353667
1913,1.9126637663353667
1914,4.333333333333333
1915,1.666592493023917
1916,4.333333333333333
1917,5.748664484979054
1918,1.6362615180924218
1919,6.030819571701751
1920,4.853244778660031
1921,1.6380710130271423
1922,1.6666666666666667
1923,1.6435199768892976
1924,2.157879384001961
1925,1.6452350818777526
1926,6.0724637681159415
1927,1.6611655297288932
1928,4.237787720785612
1929,1.6666666666666667
1930,1.6483286854421801
1931,2.9999676152056733
1932,3.753821497672465
1933,4.333333333333333
1934,4.0937189616489995
1935,4.334804186169102
1936,1.6666666666666667
1937,4.843496902405018
1938,1.6471433286670005
1939,1.6471433286670005
1940,1.6303967156706107
1941,4.359140311199998
1942,1.6632365749271685
1943,4.333333333333333
1944,1.6577238829359127
1945,5.358943576360554
1946,2.552604674198462
1947,1.6664703741914721
1948,3.000155812761614
1949,4.369360390030385
1950,2.114225317307327
1951,2.114225317307327
1952,1.7387335204110663
1953,2.7692093167171197
1954,1.6666666666666667
1955,4.006276006090518
1956,6.0724637681159415
1957,1.6259111895894485
1958,4.074462999457463
1959,6.079038215863181
1960,1.6666666666666667
1961,2.110517534188152
1962,6.0724637681159415
1963,2.7657716265339873
1964,3.133809825978048
1965,3.133809825978048
1966,1.6512307091822782
1967,4.333333333333333
1968,1.665404033214018
1969,6.023289158641945
1970,2.680412226841444
1971,1.645010966545828
1972,4.3786970939841785
1973,1.6666666666666667
1974,4.833333333333333
1975,6.0724637681159415
1976,1.6666666666666667
1977,1.6666666666666667
1978,3.3652812207167524
1979,3.0347976133414702
1980,2.999205306829538
1981,1.6666666666666667
1982,4.876189586436384
1983,4.289890381683543
1984,1.6666666666666667
1985,3.8797712889255633
1986,1.5925008787113966
1987,6.067464404703886
1988,4.333333333333333
1989,1.6664520335762565
1990,4.338818850194955
1991,1.6508198030655243
1992,1.6067281890882479
1993,2.8527349845891092
1994,3.0014930931649166
1995,3.420408494441789
1996,4.659876367907022
1997,4.373080160491768
1998,4.0310545055034
1999,1.6516670052265754
2000,3.9612730330948716
2001,4.382991819906699
2002,2.3384692478419966
2003,1.5936332095322407
2004,2.759473907575139
2005,4.336335205998231
2006,4.3349961466834115
2007,3.0
2008,4.986647132755235
2009,4.333333333333333
2010,1.8399608521280721
2011,6.0724637681159415
2012,1.6662227597920898
2013,1.6620454057225744
2014,3.951956498039149
2015,2.9965650601841385
2016,4.333333333333333
2017,1.635679531027461
2018,4.335208447552815
2019,4.333333333333333
2020,5.9452385831801235
2021,1.8426970690926199
2022,1.6359894023946389
2023,1.6666666666666667
2024,2.396999707469121
2025,1.6666666666666667
2026,4.833333333333333
2027,1.6666666666666667
2028,1.6625557950349878
2029,3.54995308062254
2030,1.6666666666666667
2031,2.7322865018395994
2032,4.5469143657914985
2033,1.6541033156613496
2034,4.333333333333333
2035,1.645227658712771
2036,5.243686304520314
2037,1.6380169761965648
2038,1.6503686032900413
2039,2.294043661262642
2040,5.345759580967221
2041,3.780042816826019
2042,4.3511568202007345
2043,1.6666666666666667
2044,4.333333333333333
2045,1.666647117758785
2046,1.6665212597732582
2047,4.333333333333333
2048,1.6666666666666667
2049,4.333333333333333
2050,4.333333333333333
2051,4.333333333333333
2052,2.9333330987689217
2053,4.473706526285741
2054,1.6666666666666667
2055,1.666251426392032
2056,1.6306682469546763
2057,1.6666666666666667
2058,5.933280333962586
2059,2.587710653727836
2060,2.587710653727836
2061,1.6666666666666667
2062,1.6244733981593926
2063,3.413935389982297
2064,1.6666666217866215
2065,3.5112929681291156
2066,1.6666666666666667
2067,4.333343951921586
2068,3.3616861042220694
2069,3.0350999230799265
2070,1.7102228844064922
2071,2.23010635543152
2072,2.2341745317666426
2073,1.6666666666666667
2074,2.1762866119264235
2075,1.666664573324866
2076,1.5854372693542833
2077,1.5854372693542833
2078,6.0724637681159415
2079,3.0016883771089407
2080,1.6666666666666667
2081,4.333333333333333
2082,4.333333333333333
2083,3.673888802877661
2084,4.333333333333333
2085,6.067017201707246
2086,4.376373507068987
2087,4.334041284957387
2088,4.333333333333333
2089,5.025589790399834
2090,1.6605998668373239
2091,1.6649653757982439
2092,1.6649653757982439
2093,3.8686582520178563
2094,4.333333333333333
2095,1.6661313803242528
2096,1.666276648355005
2097,2.2759046929822113
2098,3.824122515791312
2099,1.634363532456644
2100,1.663284246695729
2101,4.333763943815526
2102,1.665475885328102
2103,4.036078951961683
2104,4.381955097849089
2105,2.986885500180706
2106,1.6666666666666667
2107,1.636430441457405
2108,3.635134360107039
2109,1.6610090342044634
2110,2.999805117794865
2111,3.653292843675184
2112,4.976190459038606
2113,1.6660425825846215
2114,1.6666622471044727
2115,1.724947598950745
2116,6.090520817215959
2117,1.6666666666666667
2118,3.231621721022096
2119,1.5469063280656927
2120,1.666558053384765
2121,4.333333333333333
2122,4.360933818478602
2123,2.356328576391491
2124,4.333333333333333
2125,1.5612386625608583
2126,2.1443239495957758
2127,2.9913703981867767
2128,1.6425473532353208
2129,1.6666666666666667
2130,1.6640577821211915
2131,4.380857989645811
2132,1.5497578182438636
2133,1.6661933230611197
2134,6.102287032472319
2135,1.5963953115216085
2136,1.5963953115216085
2137,4.523810493194399
2138,4.523810493194399
2139,1.666636945312107
2140,4.34886399078051
2141,1.6666666666666667
2142,1.6200181655789239
2143,3.0
2144,6.0724637681159415
2145,4.333333333333333
2146,4.333333333333333
2147,4.0715648996211256
2148,4.347229409491092
2149,1.6519700262815726
2150,2.6638568193234833
2151,2.101067303795625
2152,4.341030159500989
2153,1.6106638491121996
2154,1.658111633379994
2155,4.333333333333333
2156,1.6666666666666667
2157,1.6666666666666667
2158,4.544613877883102
2159,4.544613877883102
2160,2.5130345412980697
2161,4.341200314360712
2162,6.077181916567931
2163,4.368612768336442
2164,1.6584196064068317
2165,4.300489618818049
2166,6.0724637681159415
2167,4.863736108657439
2168,1.6519050880622963
2169,1.6496258840772333
2170,1.6237141250935825
2171,1.6237141250935825
2172,4.333333333333333
2173,4.333333333333333
2174,1.6652476879568312
2175,1.649798474469605
2176,5.991364708624709
2177,1.6666666666666667
2178,1.8647489566515598
2179,4.509576235569926
2180,1.6666666666666667
2181,3.0088121001731736
2182,4.3270857539724785
2183,4.335293428293202
2184,4.335293428293202
2185,6.0724637681159415
2186,1.6666666666666667
2187,3.3640836092229907
2188,1.6666666666666667
2189,1.6657435602433988
2190,4.408843101285137
2191,3.1089356173483496
2192,2.8464099486824788
2193,4.518344284769233
2194,4.333333333333333
2195,1.6666666666666667
2196,1.6257905134532238
2197,1.6257905134532238
2198,4.001403527338637
2199,4.503765341669919
2200,3.993601636097473
2201,4.333333333333333
2202,4.333333333333333
2203,4.333333333333333
2204,2.991426555560202
2205,3.051196659287585
2206,4.333333333333333
2207,5.370630367081141
2208,3.0864564787254953
2209,6.0724637681159415
2210,4.333333333333333
2211,1.6656301208605329
2212,1.6656301208605329
2213,4.339000835212178
2214,3.0
2215,1.6585839618809972
2216,4.333927873304898
2217,4.333927873304898
2218,1.6666666666666667
2219,1.6665373893881201
2220,6.132194942289745
2221,4.333333333333333
2222,1.6666666666666667
2223,1.6646744300817333
2224,1.6614889610776802
2225,1.6340232919178004
2226,1.665215653539308
2227,4.333333333333333
2228,1.6521764616881367
2229,1.6662067463226526
2230,2.9592655925881766
2231,3.0
2232,1.6658598786789327
2233,1.6658598786789327
2234,4.333333333333333
2235,1.6095941465676282
2236,4.333333333333333
2237,1.6666666666666667
2238,2.9956184433007733
2239,1.662593191566992
2240,4.333333333333333
2241,4.064963596212198
2242,4.38880630519564
2243,1.5666196935634185
2244,1.5666196935634185
2245,4.333333333333333
2246,3.821096933979386
2247,1.6666666666666667
2248,3.2004659080949747
2249,3.2004659080949747
2250,2.2210749126760274
2251,4.10383220435617
2252,4.3357874004785595
2253,1.6631220063658203
2254,3.0
2255,4.333333333333333
2256,2.9809527559636693
2257,4.023672531056896
2258,1.6531087881613231
2259,4.906119938375668
2260,1.6666666666666667
2261,1.6658176205355155
2262,1.6666666666666667
2263,1.7583093487865125
2264,1.7583093487865125
2265,6.072266614263996
2266,2.9072547370184165
2267,4.333333333333333
2268,4.333333333333333
2269,4.333333333333333
2270,4.333333333333333
2271,1.6666666666666667
2272,1.6666666666666667
2273,2.927260066383325
2274,4.229701050686304
2275,4.833333333333333
2276,1.6511103778924507
2277,3.092570207089305
2278,4.333333333333333
2279,4.333355546001944
2280,2.5480938005702236
2281,4.333333333333333
2282,1.6666666666666667
2283,3.1280714472769344
2284,2.17037528782114
2285,6.0724637681159415
2286,4.333763638809036
2287,4.054210522712644
2288,1.6591856713936728
2289,1.6666666666666667
2290,4.333333333333333
2291,1.6633012804143656
2292,1.6655425210241497
2293,1.6655425210241497
2294,1.5492981189624795
2295,3.4106236536146435
2296,1.6666666666666667
2297,2.6691960241789956
2298,6.072463762589465
2299,1.6666666666666667
2300,3.000752765633269
2301,3.053075542503258
2302,1.6666666666666667
2303,1.6666666666666667
2304,6.0724637681159415
2305,4.488869224340983
2306,1.6666666666666667
2307,4.085617199654134
2308,3.1001741360755015
2309,1.6666666666666667
2310,4.333333333333333
2311,3.0
2312,1.6656681451811937
2313,1.6666666666666667
2314,1.666662129874353
2315,1.6635658998718532
2316,3.0103199232817923
2317,1.6582063288421236
2318,1.6447440501901274
2319,4.333333333333333
2320,6.038009877415344
2321,4.377266695328716
2322,3.0
2323,5.776674035424356
2324,3.9451690995250033
2325,1.9165692247616366
2326,1.6666666666666667
2327,4.46089664318174
2328,1.6639182956140852
2329,1.6664435166854232
2330,4.333333333333333
2331,3.1494332200912947
2332,2.9776122186766725
2333,3.0
2334,1.5573588206941775
2335,1.573505825535281
2336,1.6543156982364853
2337,1.5600371101076256
2338,6.0724637681159415
2339,1.6666666666666667
2340,3.237833943836757
2341,1.6653438465348875
2342,4.333333333333333
2343,3.8905444648891123
2344,1.6666666666666667
2345,4.833333333333333
2346,4.543329506103621
2347,4.543329506103621
2348,4.344231923425331
2349,1.5744413711990912
2350,4.035835886341208
2351,6.0724637681159415
2352,1.6515428593843389
2353,3.9776471505613156
2354,6.0724637681159415
2355,1.6666666666666667
2356,1.6666666666666667
2357,1.6499123999434955
2358,4.4593482074046475
2359,2.9246467424739393
2360,1.6666666666666667
2361,3.0349943451153387
2362,4.833333333333333
2363,3.5480191967842662
2364,4.333333333333333
2365,1.6542599515223773
2366,1.6640436181027576
2367,4.333333333333333
2368,1.7850050760403215
2369,4.34495179864244
2370,5.948975370866231
2371,5.948975370866231
2372,2.7562104398336484
2373,2.7562104398336484
2374,1.656970020268724
2375,1.6587914617367243
2376,1.6666598915636028
2377,1.6666666666666667
2378,1.6371629503415035
2379,1.638875980573891
2380,2.8971626911140893
2381,1.60602244199156
2382,1.6666666666666667
2383,4.333333333333333
2384,1.5679509547745236
2385,4.2827845096464365
2386,3.0
2387,1.6655208779466448
2388,1.6655208779466448
2389,4.339770578348035
2390,4.333333333333333
2391,1.6666666666666667
2392,1.6666666666666667
2393,3.005053630077277
2394,6.0724637681159415
2395,2.9865197431307817
2396,2.21985741439883
2397,6.0724637681159415
2398,4.771642432781508
2399,1.6630078770413066
2400,3.3329915525489358
2401,4.139187081290431
2402,1.9901468729911038
2403,1.6666526717158985
2404,1.6661228957825012
2405,3.182602671848287
2406,4.333333333333333
2407,3.2728428257935946
2408,1.6497650948379643
2409,1.951445445536562
2410,1.6656009999793644
2411,4.595567603102793
2412,4.333333333333333
2413,3.154686811956809
2414,1.611833303034894
2415,1.6666666666666667
2416,2.4203217012293488
2417,4.332578262875344
2418,1.6666666666666667
2419,3.8197950822851747
2420,1.6556638918693738
2421,4.333333333333333
2422,3.4775873633909997
2423,3.4393171623971246
2424,4.333333333333333
2425,6.065063736164334
2426,1.656468024227112
2427,5.029482090022061
2428,1.6666666666666667
2429,4.373700532303734
2430,1.6666666666666667
2431,5.651299820785046
2432,1.6408234821077663
2433,3.0549489934275496
2434,3.6836056032725506
2435,3.546443762767924
2436,1.6526449119114814
2437,5.741140646023994
2438,1.6660066156543918
2439,2.9988046049105117
2440,1.6651820393601344
2441,4.334441555943003
2442,4.338491150447937
2443,4.333333333333333
2444,1.666602038594422
2445,5.679933651943517
2446,4.131793113074872
2447,3.3385778961013184
2448,2.4460014970691364
2449,3.1446379162293505
2450,3.093291092835744
2451,3.568056741489114
2452,2.982284168457889
2453,1.6666666424821097
2454,3.024014734035014
2455,5.624277612541615
2456,4.333333333333333
2457,2.0052562677161556
2458,6.0724637681159415
2459,3.0
2460,5.756633524354073
2461,1.6660943704058557
2462,1.725467584465074
2463,2.9685997958505417
2464,6.0724637681159415
2465,6.0724637681159415
2466,6.0724637681159415
2467,4.333333333333333
2468,1.6663933734031895
2469,1.6275365906254775
2470,1.663453945096464
2471,1.663453945096464
2472,4.334616772146305
2473,1.6508453082266539
2474,1.650453030895423
2475,2.6010325802590932
2476,2.862506300637222
2477,1.6291238107843573
2478,5.916954131602538
2479,2.97628015426433
2480,1.6138643983143643
2481,4.333333333333333
2482,3.77129627088879
2483,3.7589121030404153
2484,6.072027957999767
2485,6.0724637681159415
2486,4.374944457167384
2487,4.336498875611349
2488,3.9473916477428164
2489,1.645041760687506
2490,2.9795904248332477
2491,6.0724637681159415
2492,3.0
2493,1.6059946710173412
2494,1.6666666666666667
2495,1.6059946710173412
2496,1.6494984847077994
2497,3.010191556733645
2498,4.333333333333333
2499,4.333333333333333
2500,1.6666666666666667
2501,1.6666666666666667
2502,2.982150730024233
2503,6.0724637681159415
2504,2.926328562358073
2505,3.2352154992678557
2506,4.335617066245174
2507,1.665512753804781
2508,4.370837408679118
2509,4.082725892179195
2510,4.333333333333333
2511,1.65931642690177
2512,1.6666666666666667
2513,1.6518627310783007
2514,5.259072026596278
2515,6.0724637681159415
2516,2.767227345485469
2517,4.391172615931189
2518,4.333333333333333
2519,1.6657379189000932
2520,1.6545068401704082
2521,1.6534761475475714
2522,1.6666666666666667
2523,1.6653442059274888
2524,6.112596334101997
2525,1.660399002147519
2526,1.6666666666666667
2527,4.333333333333333
2528,1.6665593569729114
2529,4.030552203640529
2530,1.6460768005372015
2531,6.02401647577031
2532,4.165943925983905
2533,1.644114737146945
2534,5.237556506573155
2535,2.998336492448101
2536,2.460956711408508
2537,3.0233137291415657
2538,3.8189251545623435
2539,3.0
2540,1.6537143128748895
2541,5.389617357558182
2542,3.4062592596266983
2543,1.6666666666666667
2544,1.6155829596227242
2545,2.8703370662399994
2546,4.335577266112208
2547,2.997010000982077
2548,4.333333333333333
2549,4.333333333333333
2550,3.9445070070948574
2551,5.917493008037255
2552,3.0
2553,3.0
2554,4.333333333333333
2555,2.977900833069493
2556,3.002628155382956
2557,4.333333333333333
2558,4.333358649522582
2559,1.6653912432455114
2560,1.6666666666666667
2561,5.02128419979045
2562,1.6663811719059543
2563,1.6666666666666667
2564,1.6666666666666667
2565,1.6666666666666667
2566,6.078020026285533
2567,6.065432144978588
2568,3.9116211552683686
2569,1.6666666666666667
2570,4.596116827524885
2571,3.0
2572,3.1172846333643744
2573,2.614496198641552
2574,4.480382305743225
2575,1.6664443690892998
2576,2.6468737200207526
2577,4.576829404912705
2578,1.649016388103453
2579,4.333333333333333
2580,4.333333333333333
2581,6.0724637681159415
2582,4.550425209909051
2583,1.650388170404123
2584,4.336876570034593
2585,4.336876570034593
2586,4.336876570034593
2587,1.6666345118813204
2588,3.0
2589,6.106352193401541
2590,1.6616378101818554
2591,4.352219061826976
2592,1.6414864557988644
2593,4.334051326134625
2594,1.6664041474307867
2595,6.065325967806977
2596,5.56491993503991
2597,1.6666666666666667
2598,1.6666666666666667
2599,1.6666666666666667
2600,3.349976230940084
2601,2.686509279043391
2602,1.658629902011899
2603,3.0
2604,1.6666666666666667
2605,2.9807388281920755
2606,1.6661933295764983
2607,3.0
2608,1.6664145436890603
2609,1.639818035845553
2610,1.6638998487020709
2611,4.351230233051261
2612,2.986870438675484
2613,1.6666666666666667
2614,1.6663114866015876
2615,1.6666666666666667
2616,1.594659787877404
2617,4.333333333333333
2618,1.6666666666666667
2619,6.0875395219128965
2620,4.34949913385747
2621,1.666642114113614
2622,6.0724637681159415
2623,2.913529662309028
2624,4.333333333333333
2625,4.333333333333333
2626,1.6666666666666667
2627,1.7613023123227727
2628,1.6666666666666667
2629,3.80052584477113
2630,1.5701273265949893
2631,3.862477512599326
2632,1.6499559980257792
2633,4.175222350260995
2634,6.072427587438666
2635,4.063442914307593
2636,6.03933123043191
2637,3.8979755444727826
2638,4.10049946288981
2639,1.6260504713728912
2640,6.149397933099992
2641,3.12458530932436
2642,1.6542619442428281
2643,4.333333333333333
2644,4.445422086695727
2645,1.6666666666666667
2646,1.6666666666666667
2647,1.7625166251111846
2648,4.333333333333333
2649,1.6661174970110295
2650,4.024335303946381
2651,4.335869936917296
2652,2.996406426076951
2653,2.4673467774941127
2654,4.333333333333333
2655,1.6489497823409307
2656,1.6665677374611996
2657,4.333333333333333
2658,6.0724637681159415
2659,1.6096807416890015
2660,1.6601364135684726
2661,1.6666666666666667
2662,1.6666654257452462
2663,1.6666666666666667
2664,1.665301781810601
2665,6.0724637681159415
2666,1.6626687521320445
2667,2.9991879515924453
2668,1.5492585718524308
2669,3.9426510163577104
2670,1.6205919581547028
2671,2.5253762535560536
2672,4.333333333333333
2673,4.333333333333333
2674,1.6502170891948478
2675,1.6403305579698553
2676,1.6666666666666667
2677,3.422087234184263
2678,1.6609330858819866
2679,1.6609330858819866
2680,4.333333333333333
2681,4.333333333333333
2682,2.1770134813764437
2683,2.629473049876622
2684,3.8948644773969323
2685,4.509071036640688
2686,4.509071036640688
2687,3.8872438407031393
2688,1.5769195087389623
2689,5.992944315649544
2690,2.516455459256433
2691,3.3209914138488603
2692,4.833333333333333
2693,1.6666666666666667
2694,3.3912236174875563
2695,4.333333333333333
2696,1.6659708448271529
2697,4.333333333333333
2698,4.357141630698084
2699,3.2333584009906726
2700,4.333110188883681
2701,4.394426289223013
2702,4.328583661233524
2703,3.9901309055486878
2704,4.1260335414082725
2705,3.226547696185635
2706,3.226547696185635
2707,3.518181141450902
2708,4.562693183418252
2709,4.333333333333333
2710,3.712817411729131
2711,2.9876526125475493
2712,4.333333333333333
2713,3.006811029630981
2714,1.6663359173126613
2715,1.664705915802652
2716,4.333333333333333
2717,3.143680499871406
2718,6.0724637681159415
2719,2.2638942728238707
2720,5.609906018888218
2721,1.593830588668992
2722,1.6592471563072162
2723,1.6647770856735609
2724,1.6583751816804015
2725,2.6650874758407657
2726,4.338701669648388
2727,6.0724637681159415
2728,1.6584058186672432
2729,1.6499793517189967
2730,1.666303021868022
2731,1.6655570307105918
2732,4.536623521892624
2733,4.334386796870557
2734,2.2623377314765363
2735,1.6517727220429574
2736,1.657882271305385
2737,4.382064988512347
2738,1.6607647367874396
2739,4.333751989532933
2740,1.6666666666666667
2741,1.6217375656104613
2742,2.068629745542202
2743,4.333333333333333
2744,5.9561287615747105
2745,6.0724637681159415
2746,5.737498517449698
2747,1.6666666666666667
2748,3.0822387226070784
2749,4.333333333333333
2750,6.0724637681159415
2751,1.6666666666666667
2752,1.6497136212521328
2753,3.0000023344850617
2754,1.6076870184903422
2755,4.833333333333333
2756,4.333333333333333
2757,4.333333333333333
2758,1.6666666666666667
2759,2.9612777261803287
2760,4.429309888107351
2761,4.804796898058044
2762,4.804796898058044
2763,6.0724637681159415
2764,4.333333333333333
2765,1.6666666666666667
2766,1.663213200144249
2767,1.6666666666666667
2768,4.333333333333333
2769,2.95668503523934
2770,2.72259242410913
2771,3.125719955742383
2772,1.645763039034504
2773,1.645763039034504
2774,2.9347337795590946
2775,4.3362956710917775
2776,4.333333333333333
2777,3.170061478079754
2778,4.557970419719547
2779,4.339201560877628
2780,2.3842179872532623
2781,2.9972731665222745
2782,4.333414862169918
2783,2.389342888988932
2784,1.696060008542175
2785,5.243091639223052
2786,2.8584975878554753
2787,1.6512368030143427
2788,1.6666666666666667
2789,3.0409947376879707
2790,6.0724637681159415
2791,4.333333333333333
2792,4.333333333333333
2793,1.6658827290348994
2794,4.160823972200361
2795,4.834233732702754
2796,3.0
2797,1.6666666666666667
2798,1.665528592355862
2799,1.5762580594387114
2800,4.333333333333333
2801,1.6659611153214915
2802,4.333333333333333
2803,4.35215154503616
2804,2.7708130143291902
2805,5.338541618314189
2806,3.7675802862540126
2807,4.37100429700897
2808,3.0
2809,3.728628919899976
2810,2.988522271100337
2811,3.728628919899976
2812,1.6666666666666667
2813,1.633344267923069
2814,4.333333333333333
2815,1.6666666666666667
2816,6.0724637681159415
2817,2.0886406199141727
2818,1.6666666666666667
2819,2.187655567887339
2820,1.6666666666666667
2821,6.0724637681159415
2822,6.0724637681159415
2823,1.6588874633031783
2824,1.6663115140164042
2825,1.6666666666666667
2826,6.0724637681159415
2827,6.0717830956409635
2828,4.531284494021955
2829,5.731573746496633
2830,2.905544727553177
2831,4.282002261038433
2832,4.043685609524345
2833,4.833333333333333
2834,4.333333333333333
2835,1.6000858208935729
2836,1.6666666666666667
2837,4.350369843853343
2838,2.482116720041244
2839,1.6637625746055047
2840,1.6666666666666667
2841,3.9539601664090145
2842,1.6650542084841589
2843,3.0
2844,1.6666666666666667
2845,3.0007191278641723
2846,1.6666666666666667
2847,2.943127909619862
2848,4.152052181435403
2849,4.174323504028847
2850,4.333333333333333
2851,1.656168841169773
2852,1.546371136007023
2853,1.6666666666666667
2854,4.356561502615227
2855,2.9958985495809185
2856,6.059643122137301
2857,4.333333333333333
2858,4.504779974373021
2859,4.333333333333333
2860,2.935704060296614
2861,4.333333333333333
2862,1.6220247091893492
2863,4.333333333333333
2864,1.6269830276804336
2865,1.6666666666666667
2866,1.6666666666666667
2867,6.0724637681159415
2868,6.0724637681159415
2869,1.6666666666666667
2870,1.6666666666666667
2871,1.6666666666666667
2872,3.2262826203088615
2873,1.664921305328187
2874,1.6666666666666667
2875,1.6142176645067328
2876,3.0
2877,4.333333333333333
2878,4.833333333333333
2879,1.6666666666666667
2880,1.6377069263871353
2881,1.6665303277047843
2882,6.0724637681159415
2883,6.0724637681159415
2884,3.0
2885,1.6002528587375944
2886,1.6002528587375944
2887,6.0724637681159415
2888,1.6666666666666667
2889,1.6666666666666667
2890,4.341486207530265
2891,1.6437102467534914
2892,1.6656296630554595
2893,4.333333333333333
2894,4.333333333333333
2895,4.202687367915299
2896,1.6661431443899655
2897,2.336135718886076
2898,2.336135718886076
2899,1.662226275130053
2900,1.6574268266857943
2901,4.309684058851315
2902,5.931192443216397
2903,4.333333333333333
2904,4.24436061842217
2905,1.6587537265660721
2906,1.6301316909932435
2907,1.6301316909932435
2908,1.6301316909932435
2909,1.6666666666666667
2910,4.334737644743845
2911,4.333333333333333
2912,1.6666581622751582
2913,1.6666581622751582
2914,1.6666581622751582
2915,5.672941311767529
2916,2.9996161511827757
2917,3.041848220335234
2918,4.9170206233985585
2919,1.6666666666666667
2920,2.4196563618912448
2921,6.0724637681159415
2922,4.333333333333333
2923,3.00245174574168
2924,4.502300422512086
2925,3.0
2926,1.916693668598953
2927,1.6666666666666667
2928,3.000012109854713
2929,3.4237564110166328
2930,3.4237564110166328
2931,2.615222841171055
2932,1.9173369044877973
2933,4.333333333333333
2934,4.333333333333333
2935,3.9397584288961323
2936,1.6128988901523056
2937,2.7806151530421137
2938,1.6666666666666667
2939,2.3680688593911032
2940,2.803069522820515
2941,4.333333333333333
2942,5.474155008013296
2943,6.0986488642244465
2944,1.6666666666666667
2945,1.6496073188473013
2946,1.6596808350679546
2947,3.5140185011822487
2948,3.0
2949,4.833333333333333
2950,1.6666505113305998
2951,6.0724637681159415
2952,1.6022167618770076
2953,6.0724637681159415
2954,3.2274767167152305
2955,4.305222244657137
2956,1.6336949989155571
2957,4.355736520846019
2958,1.6503432411403303
2959,1.6666666666666667
2960,4.114052044938895
2961,1.6337743158929179
2962,6.0724637681159415
2963,4.562187810891105
2964,4.333333333333333
2965,4.167625795775241
2966,1.654922106608632
2967,2.6731727615761023
2968,1.666555080369948
2969,2.9941250683582266
2970,3.065055652193831
2971,3.180188408624614
2972,3.9735416813639977
2973,4.333333333333333
2974,1.6666632250130025
2975,1.6666662219957238
2976,5.030511729035507
2977,3.306757563273975
2978,4.333333333333333
2979,3.0810008154739257
2980,1.5462266428629938
2981,3.188483640494483
2982,4.833333333333333
2983,1.6666666666666667
2984,1.5703093149945733
2985,1.6496403684785776
2986,2.343952578490833
2987,2.989772753578382
2988,3.0
2989,4.333340568918718
2990,4.333333333333333
2991,4.333333333333333
2992,3.184827643533924
2993,5.782181564567447
2994,1.6661386397148654
2995,2.9553594143422424
2996,3.014537868386643
2997,1.6666666666666667
2998,1.6666666666666667
2999,6.0724637681159415
3000,3.0098896067523087
3001,2.838087074618605
3002,4.333333333333333
3003,2.999999821881264
3004,1.6653645645921884
3005,1.6666666666666667
3006,4.333333333333333
3007,6.073353122536935
3008,4.383550541281477
3009,2.467828468896152
3010,5.731573746496633
3011,3.7562069149782693
3012,5.383257124359503
3013,4.333333333333333
3014,4.333333333333333
3015,1.6537341816505136
3016,6.0724637681159415
3017,4.333333334201559
3018,1.6463727459824669
3019,6.0724637681159415
3020,2.999935914198024
3021,4.347943779899196
3022,4.333333333333333
3023,1.6577151839314253
3024,5.9158600017459735
3025,5.9158600017459735
3026,4.334317731565552
3027,4.333333333333333
3028,4.3459229670354755
3029,6.0724637681159415
3030,6.0724637681159415
3031,1.6652804433987056
3032,1.6666666666666667
3033,2.485815057955176
3034,4.333333333333333
3035,4.833333333333333
3036,1.6666666666666667
3037,4.333395219829458
3038,1.6657744666935554
3039,4.349175485333407
3040,1.6560812605765338
3041,1.6666666666666667
3042,4.313788726856925
3043,4.313788726856925
3044,4.313788726856925
3045,1.6666666666666667
3046,6.0724637681159415
3047,4.337031365850363
3048,4.333333333333333
3049,5.644394879565096
3050,3.195765152520141
3051,1.6498462431736594
3052,5.338436286883902
3053,1.6666666666666667
3054,1.6208763391038417
3055,3.0
3056,1.6666666666666667
3057,4.339250127516194
3058,2.892213883175937
3059,2.775067598643911
3060,3.208510221328874
3061,1.6666666666666667
3062,4.350839685064451
3063,2.1178510007688214
3064,4.314469074929904
3065,4.334784808991595
3066,4.334784808991595
3067,3.657215702968437
3068,4.333333333333333
3069,1.6666666666666667
3070,6.0724637681159415
3071,1.6666666666666667
3072,1.6101966480078407
3073,2.1981345444110274
3074,1.6543256422070134
3075,3.611294986286924
3076,1.6666666666666667
3077,2.6512813491340466
3078,1.6666630903366995
3079,2.552426591061597
3080,5.711363779458948
3081,4.1458054997500025
3082,1.605835801584311
3083,6.0724637681159415
3084,4.8168988189098005
3085,1.6666666666666667
3086,4.333838557404255
3087,1.6530053287950481
3088,4.333333333333333
3089,6.0724637681159415
3090,3.0
3091,1.6638546359561464
3092,4.382956629046457
3093,1.653105895630192
3094,3.0007200871651767
3095,1.6594155583435268
3096,4.3334852007630795
3097,1.6666666666666667
3098,1.6666666666666667
3099,4.333333333333333
3100,1.6356261676632027
3101,6.0724637681159415
3102,6.0724637681159415
3103,4.333333333333333
3104,4.333333333333333
3105,6.2224099361197585
3106,2.7329450985540054
3107,3.0
3108,4.833333333333333
3109,3.3112028584564763
3110,3.220195461073183
3111,1.6666666666666667
3112,4.333333333333333
3113,1.6666666666666667
3114,3.8712925486174488
3115,4.144933042165873
3116,1.6660725441549076
3117,1.6660725441549076
3118,1.6660725441549076
3119,1.6666666666666667
3120,3.0
3121,2.696739486408529
3122,2.6728275234587944
3123,3.0
3124,4.002653298817784
3125,4.368222413579689
3126,4.337639521049575
3127,1.666571737046453
3128,3.0
3129,4.333333333333333
3130,4.333333333333333
3131,1.666446460542401
3132,4.338589793585726
3133,1.994464407638244
3134,6.0724637681159415
3135,6.0724637681159415
3136,6.0724637681159415
3137,4.600536419189909
3138,1.6634924941120093
3139,1.6665104757678462
3140,1.6665104757678462
3141,3.000135358764445
3142,1.6665875828704335
3143,4.344507543857886
3144,4.345527242636294
3145,4.333333333333333
3146,1.6666666666666667
3147,4.362436566755859
3148,6.0724637681159415
3149,1.66666424321
3150,1.66666424321
3151,1.5835633837168661
3152,1.6666666666666667
3153,1.6665518783703797
3154,1.665557597906545
3155,6.0724637681159415
3156,6.0724637681159415
3157,1.6550154813895157
3158,1.6655547605592824
3159,3.779574595017959
3160,3.0
3161,4.347109203451591
3162,3.7835457277839954
3163,2.677717035626815
3164,4.529585814075047
3165,4.552988597362539
3166,2.9910603116886305
3167,3.0152695897361697
3168,6.0724637681159415
3169,4.36183868943496
3170,1.6646732494122434
3171,3.5659718990763265
3172,3.5659718990763265
3173,6.108390332229935
3174,2.9196609906203626
3175,3.2306589229676987
3176,2.6934200095669896
3177,3.0
3178,4.4861194447665635
3179,1.6575397543167834
3180,4.335247533852666
3181,2.999691921960618
3182,4.2018394907686245
3183,1.666449039699893
3184,4.337241342860495
3185,1.6473824183493917
3186,1.6666606186607928
3187,4.333333333333333
3188,1.662068124172098
3189,2.6022699898325894
3190,2.4101181992424103
3191,3.0
3192,1.659268030909559
3193,4.1741615023186425
3194,1.6666666666666667
3195,3.0
3196,1.6586790472309547
3197,2.078949375610298
3198,1.6654268427228431
3199,2.597380780428907
3200,1.6478566905319687
3201,2.7180756515884736
3202,1.6666666666666667
3203,2.742734945559107
3204,4.333333333333333
3205,5.885216167383403
3206,3.264428066646262
3207,4.833333333333333
3208,1.6666666666666667
3209,1.659898238890616
3210,2.867394365041848
3211,1.6666666666666667
3212,1.6330075686740164
3213,6.0724637681159415
3214,1.6666666666666667
3215,2.5462378236877985
3216,1.6666666666666667
3217,5.2030918992175765
3218,3.000142646527703
3219,2.9985969948687363
3220,1.6666666666666667
3221,1.6666666666666667
3222,1.6666666666666667
3223,6.0993229629196115
3224,1.6666666666666667
3225,1.6666666666666667
3226,2.9961641160082046
3227,2.970585582610589
3228,6.06900001294798
3229,6.06900001294798
3230,1.6586239161405234
3231,4.333333333333333
3232,1.6666666666666667
3233,1.6552641342905667
3234,1.6666666666666667
3235,4.333333333333333
3236,3.729202249786461
3237,3.729202249786461
3238,2.9877320479291187
3239,1.6602107477234254
3240,4.490935841246326
3241,3.902874577110141
3242,3.2711433740285085
3243,6.0724637681159415
3244,1.6666666666666667
3245,4.1821613794523484
3246,2.5453574104659773
3247,1.6654346507623627
3248,1.6654346507623627
3249,1.5654465491834473
3250,5.579691817705152
3251,2.7622526013674324
3252,3.871303187752037
3253,1.6666666666666667
3254,1.666628299951528
3255,4.333333333333333
3256,1.6666666666666667
3257,5.193065439258686
3258,1.6666666666666667
3259,4.333333333333333
3260,3.335547506076484
3261,2.692734953080212
3262,3.3356434487197606
3263,3.153459224843948
3264,4.333333333333333
3265,4.448779837619809
3266,1.6186193098004145
3267,5.979412169441388
3268,4.833333333333333
3269,4.333333333333333
3270,4.333333333333333
3271,4.333333333333333
3272,6.0724637681159415
3273,1.6666666666666667
3274,1.9525863104813213
3275,4.333333333333333
3276,4.333333333333333
3277,1.6666666666666667
3278,2.737555181280841
3279,3.0195894702599384
3280,4.333333333333333
3281,1.6664103011279887
3282,1.8024462366254184
3283,3.87365055802088
3284,1.6665775077112628
3285,1.6638742621670006
3286,4.333333333333333
3287,2.7352665721269265
3288,5.192327846549449
3289,3.5526084135816336
3290,1.5732632391678105
3291,6.06426298810851
3292,1.6666666666666667
3293,2.6198639908652797
3294,5.211617873322272
3295,1.6655181889189141
3296,4.354239969018088
3297,4.333333333333333
3298,3.0
3299,1.6240458019430286
3300,1.6240458019430286
3301,3.0
3302,3.0
3303,4.450681225224447
3304,4.3638882348143335
3305,5.138834842358425
3306,1.6666666666666667
3307,1.6646152906349758
3308,4.0192408786546965
3309,3.417770480573968
3310,5.379640564655108
3311,1.6562650156519587
3312,4.333333333333333
3313,4.333333333333333
3314,4.20461285230008
3315,3.0
3316,1.6666666666666667
3317,1.6666666666666667
3318,1.6615531046865841
3319,2.2019192976968154
3320,1.6248542932133483
3321,1.6599826490045138
3322,4.345249861935574
3323,6.0724637681159415
3324,3.159871341374878
3325,3.790297943960581
3326,3.790297943960581
3327,4.333358512291009
3328,3.0
3329,6.097240087187128
3330,4.333333333333333
3331,6.0724637681159415
3332,1.6666666666666667
3333,3.8884279022489245
3334,1.5770058929546917
3335,1.6666666666666667
3336,1.6666666666666667
3337,3.0273366317787462
3338,1.6493957503320051
3339,4.333333333333333
3340,4.38645324727116
3341,4.080727361737744
3342,2.701708784381287
3343,1.6666666666666667
3344,1.654699901555496
3345,1.6666666666666667
3346,6.0724637681159415
3347,3.0875838399998816
3348,6.0724637681159415
3349,6.0724637681159415
3350,4.333333333333333
3351,2.99999935446777
3352,1.6666666666666667
3353,1.6604273597866164
3354,6.0724637681159415
3355,2.9997421563033035
3356,1.6666666666666667
3357,1.6666666666666667
3358,1.6666666666666667
3359,4.375636091093676
3360,3.8580384518500908
3361,1.5487217702176805
3362,1.552205676766005
3363,6.0724637681159415
3364,4.333333333333333
3365,1.6385249809375686
3366,2.558977613717836
3367,1.6665893886766698
3368,1.5698406880770521
3369,1.65208424270529
3370,4.333333333333333
3371,2.0784707495247066
3372,1.5564251960498912
3373,3.0
3374,4.333333333333333
3375,1.666331679937331
3376,4.6332542534188725
3377,4.035890197616435
3378,1.6666666666666667
3379,4.591495247102213
3380,1.6666666666666667
3381,1.6666666666666667
3382,1.6643992919952941
3383,2.952081899559793
3384,1.6666666666666667
3385,3.0
3386,4.33345751805518
3387,3.0789433258802594
3388,6.070139592179051
3389,6.070139592179051
3390,4.519138500203681
3391,1.6666666666666667
3392,4.281020869765412
3393,1.6666666666666667
3394,1.6666666666666667
3395,4.3399636372901575
3396,3.0
3397,3.848207745352589
3398,6.0724637681159415
3399,2.9942744331430307
3400,1.666490282553746
3401,4.333333333333333
3402,3.0
3403,2.5458955377023926
3404,4.333333333333333
3405,1.6666666666666667
3406,2.7162199228882002
3407,5.386486779341435
3408,4.333333333333333
3409,4.333333333333333
3410,4.186727291693512
3411,1.664659406625309
3412,1.6666666666666667
3413,1.6666666666666667
3414,1.6498052374380412
3415,1.6666666666666667
3416,3.0297950387494934
3417,3.0
3418,2.9974217620449655
3419,4.333333333333333
3420,2.5412871272966897
3421,3.3152262604158502
3422,3.0000051254875757
3423,1.6449473386697318
3424,2.9999977582462396
3425,3.7350310909411832
3426,1.6393403729933094
3427,1.6393403729933094
3428,4.156242386818567
3429,4.156242386818567
3430,3.1067523149859664
3431,1.6666666666666667
3432,1.6665724125238803
3433,1.6599540501258414
3434,3.576995234614031
3435,1.6666666666666667
3436,5.023535939138006
3437,1.5788034115594576
3438,6.0724637681159415
3439,6.020534084403402
3440,2.36689835464647
3441,6.0711677396068335
3442,4.333333333333333
3443,2.2340823005340757
3444,2.4360815676308016
3445,2.4360815676308016
3446,2.9339360210788485
3447,1.6666666666666667
3448,2.9655693226172493
3449,1.6666666666666667
3450,3.0611192997822387
3451,4.341904129801212
3452,2.0335794216660017
3453,2.8680734449337137
3454,2.978863409854492
3455,4.33350657278285
3456,4.351908033467111
3457,2.999982891666527
3458,5.143892282135849
3459,2.9755020699955446
3460,6.0724637681159415
3461,4.611680352593563
3462,1.6564661862032173
3463,3.3021220627240866
3464,1.6634847569135018
3465,1.6442548334148512
3466,1.595013753226892
3467,1.641412514983355
3468,4.054035204993396
3469,2.290151705136745
3470,3.0
3471,4.037628344163768
3472,3.9729789171787746
3473,1.6666666666666667
3474,1.6666666666666667
3475,3.002095983240343
3476,1.6664977140058865
3477,4.539942582920151
3478,4.333333333333333
3479,3.0707317553173743
3480,2.515546689044061
3481,2.7088660799471014
3482,1.6501898470948495
3483,1.6501898470948495
3484,4.333333333333333
3485,1.6638625774915292
3486,2.880378763863308
3487,1.664862242980498
3488,2.43170882102243
3489,6.0724637681159415
3490,1.6662967568631026
3491,1.6666666666666667
3492,1.6666666666666667
3493,1.6666666666666667
3494,4.333333333333333
3495,4.333333333333333
3496,1.6666666666666667
3497,1.6666666666666667
3498,1.5823170245790348
3499,6.0724637610933385
3500,1.6666666666666667
3501,5.596032578629259
3502,5.596032578629259
3503,1.6653419461274461
3504,1.6653419461274461
3505,4.258893360362084
3506,3.0117069197755115
3507,6.0724637681159415
3508,4.333333333333333
3509,4.335940906459905
3510,1.6666666666666667
3511,4.3361993368423
3512,6.0724637681159415
3513,6.0724637681159415
3514,4.333333333333333
3515,1.6666666666666667
3516,1.6666666666666667
3517,4.227646994185225
3518,3.764263243084711
3519,4.333333333333333
3520,1.665434005117305
3521,2.995630783753884
3522,5.119286537212722
3523,4.330059498542989
3524,4.333333333333333
3525,4.333333333333333
3526,1.6666666666666667
3527,2.8569093379366306
3528,1.6666666666666667
3529,4.326471528791573
3530,1.6634639348448668
3531,4.333333333333333
3532,3.1591126202922184
3533,3.1591126202922184
3534,6.0724637681159415
3535,2.9607120943106575
3536,3.270934406641556
3537,6.0724637681159415
3538,4.111497920469919
3539,1.6655548551926012
3540,1.9136090197448663
3541,1.91376365149915
3542,5.621507290254597
3543,6.197739723707798
3544,4.333333333333333
3545,1.6164520198172958
3546,6.0724637681159415
3547,1.6501822518567317
3548,4.333333333333333
3549,1.6666666666666667
3550,1.666666543615901
3551,1.6217679223360515
3552,1.6217679223360515
3553,4.333333333333333
3554,6.0724637681159415
3555,1.6666004323843624
3556,1.5667713289338396
3557,6.0724637681159415
3558,1.6500551620809254
3559,1.6659479398043295
3560,1.6666666666666667
3561,3.6923792931264954
3562,1.5872662994581055
3563,2.165008134878448
3564,4.491542063835784
3565,4.3885626250144965
3566,3.4255693451270197
3567,1.6384800329180313
3568,3.0268242947444657
3569,4.333333333333333
3570,4.333333333333333
3571,1.6666666666666667
3572,4.355216593336525
3573,1.6556050265511073
3574,3.0
3575,4.333333333333333
3576,1.6666666666666667
3577,4.454549473592564
3578,1.6663041302280654
3579,1.6635713630165267
3580,1.6635713630165267
3581,6.072123630766493
3582,4.374618096417187
3583,4.374618096417187
3584,3.5220203502782055
3585,4.8296031587570205
3586,3.089784840737926
3587,1.6490535526137622
3588,4.333412282755224
3589,1.666545941235897
3590,4.333333333333333
3591,1.5604738754643954
3592,1.6666666666666667
3593,3.761911712701154
3594,3.1003682885031756
3595,1.5467248284128012
3596,1.6495470402606747
3597,1.6608393385241738
3598,1.66631969221916
3599,4.275947575302127
3600,1.6663012172933802
3601,4.343628050873153
3602,4.343628050873153
3603,1.6666666447620553
3604,4.333333333333333
3605,2.8814745596699978
3606,3.0
3607,1.6484659327129534
3608,2.3371217413109955
3609,3.0
3610,4.333335924043244
3611,6.0724637681159415
3612,3.1571456738082277
3613,1.6663952534914144
3614,5.504623377530906
3615,4.333333333333333
3616,3.0034250110822462
3617,1.6666666666666667
3618,3.8247433160510376
3619,4.333333333333333
3620,4.333333333333333
3621,1.6666666666666667
3622,2.0428214322200713
3623,4.143045043444766
3624,4.333346145146319
3625,6.10189665816701
3626,4.333333333333333
3627,4.333333333333333
3628,1.6657939356614426
3629,1.619912157349168
3630,1.6666666666666667
3631,1.9994641601301448
3632,4.333333333333333
3633,4.33444044456463
3634,1.6129790510757103
3635,4.333333333333333
3636,2.739584759580375
3637,6.0724637681159415
3638,4.333333333333333
3639,1.6656369308392247
3640,1.6505572139079991
3641,4.36238272623263
3642,1.5731669648671736
3643,1.5731669648671736
3644,3.252678432381623
3645,3.485734511659531
3646,3.0008780382983122
3647,3.0
3648,1.653864035213746
3649,1.665609378914089
3650,1.6607154543254976
3651,4.333333333333333
3652,6.004125652694978
3653,1.6658337061574666
3654,2.9972299781608314
3655,1.6554437213476219
3656,6.0724637681159415
3657,6.0724637681159415
3658,6.0724637681159415
3659,1.560797039023031
3660,3.7129103192729627
3661,4.333333333333333
3662,3.3567642435792817
3663,6.0724637681159415
3664,2.324799572019375
3665,1.6485151502791007
3666,2.502866148632094
3667,3.0
3668,6.0724637681159415
3669,3.000124498846996
3670,2.931274409183251
3671,4.333333333333333
3672,4.333333333333333
3673,2.9720067790633835
3674,2.9720067790633835
3675,4.336972466437665
3676,4.33797980436612
3677,4.333333333333333
3678,1.6666666666666667
3679,2.9991233753832485
3680,1.6407942698477898
3681,4.333333333333333
3682,1.6549411955134077
3683,1.666199513709408
3684,2.997762078551424
3685,6.0724637681159415
3686,6.099321543388205
3687,6.0724637681159415
3688,3.17381487846904
3689,4.833333333333333
3690,1.6666666666666667
3691,1.646913651924042
3692,1.646913651924042
3693,3.0052778318265854
3694,4.333333333333333
3695,1.6578805448587992
3696,1.6666651254929226
3697,4.337870234487413
3698,1.6666666666666667
3699,4.333333333333333
3700,3.1527259630136886
3701,4.150523927388745
3702,2.999913718774775
3703,3.3188478263937475
3704,2.4656621875629825
3705,2.4656621875629825
3706,1.6666666666666667
3707,3.988513005134357
3708,1.6666666666666667
3709,1.6664180374771849
3710,4.333333333333333
3711,3.2685431806785448
3712,1.6379678696332842
3713,4.337357662618146
3714,4.334621742949011
3715,6.0724637681159415
3716,6.0724637681159415
3717,1.6666666666666667
3718,1.6666666666666667
3719,1.6327089658910336
3720,3.143832204035774
3721,3.902004973131459
3722,2.823549512988289
3723,3.730929697611724
3724,4.339068683773257
3725,1.6660521485545015
3726,1.665667380484338
3727,1.6666666666666667
3728,5.490028564049993
3729,5.490028564049993
3730,6.0724637681159415
3731,4.333333333333333
3732,1.6666666666666667
3733,1.6666666666666667
3734,1.6247305133562744
3735,4.3786970939841785
3736,4.3786970939841785
3737,4.33471865408752
3738,4.333333333333333
3739,5.993421773130477
3740,2.7901970507547516
3741,1.6666666666666667
3742,4.333333333333333
3743,1.6664826152443304
3744,3.4150280270837428
3745,4.347365560109553
3746,4.333333333333333
3747,6.067723705266059
3748,1.6652983361139724
3749,1.6666666666666667
3750,1.6592972130051173
3751,3.0
3752,1.6222977257536624
3753,4.333333333333333
3754,4.331668690401871
3755,3.869760267609629
3756,3.2554294683730816
3757,6.0724637681159415
3758,1.6666666666666667
3759,3.2112592454928794
3760,1.6666666666666667
3761,4.333333333333333
3762,4.284578875750922
3763,2.9131951257269124
3764,4.333333333333333
3765,4.333333333333333
3766,4.833333333333333
3767,4.333333333333333
3768,3.890593962173413
3769,2.906893026895057
3770,3.951403180214162
3771,1.6551545816953985
3772,4.895678207328392
3773,2.906013792615719
3774,4.333333333333333
3775,1.6573076426088722
3776,1.6663964523235621
3777,1.6572133537303422
3778,1.6666666666666667
3779,2.850983698869384
3780,1.6570135299769921
3781,3.0
3782,4.339026381341893
3783,1.6666666666666667
3784,6.0724637681159415
3785,4.333333333333333
3786,1.9230114579377227
3787,1.6502496669455018
3788,3.0030196810888494
3789,3.0102370377455303
3790,4.333333333333333
3791,4.333333333333333
3792,1.6497375596309631
3793,6.0724637681159415
3794,4.333333333333333
3795,3.0
3796,3.683448516494552
3797,4.380612565686756
3798,4.333333333333333
3799,4.279184743666061
3800,6.0724637681159415
3801,4.333333333333333
3802,6.0724637681159415
3803,3.0191442835827926
3804,2.673848542817148
3805,2.557111571978138
3806,1.6645584701202418
3807,4.333333333333333
3808,1.6666666666666667
3809,4.333333333333333
3810,4.335263060749019
3811,6.0724637681159415
3812,4.333333333333333
3813,1.6151847896235279
3814,1.6666666666666667
3815,4.333333333333333
3816,2.992064657236919
3817,1.6666666666666667
3818,2.9999099849120245
3819,2.8026065861740577
3820,4.333333333333333
3821,1.6231082677166637
3822,3.7083709023270988
3823,1.6093320120169958
3824,1.6022349016036022
3825,1.6666666666666667
3826,4.333333333333333
3827,1.6499407213298887
3828,2.8331592469771794
3829,6.072244705520841
3830,1.6655853629570054
3831,4.333333333333333
3832,3.0
3833,4.333333333333333
3834,4.855778380672962
3835,6.0724637681159415
3836,3.977304963384742
3837,1.6666666666666667
3838,1.6511902043771214
3839,6.0724637681159415
3840,3.790446025131625
3841,3.7705214686391315
3842,2.577303911327563
3843,4.5894354260307155
3844,6.033480964560838
3845,1.6603708042770804
3846,4.061709547623073
3847,4.333333333333333
3848,1.6588799197645496
3849,1.6666666666666667
3850,3.5871425885930233
3851,4.833333333333333
3852,2.9187376316319487
3853,1.5775484584298285
3854,4.378110557716269
3855,2.8890079375437736
3856,4.4098939621624185
3857,1.6666666666666667
3858,2.87927466896728
3859,4.353975480822871
3860,2.6162759673421925
3861,4.333333333333333
3862,2.9905438631630887
3863,2.995335567524688
3864,4.17009057461057
3865,1.6585936252120659
3866,2.9950355401793307
3867,1.6666666666666667
3868,1.6666666666666667
3869,1.5804767430227646
3870,1.6666666666666667
3871,4.833333333333333
3872,4.614463667908403
3873,2.6909875879987024
3874,2.971917461200998
3875,2.3518827843403303
3876,1.5819560135453017
3877,2.9824375319510446
3878,3.3323691053377305
3879,6.0724637681159415
3880,1.6666666666666667
3881,1.6666666666666667
3882,4.333333333333333
3883,1.6573359936536787
3884,4.4412200274513
3885,1.6554685709009789
3886,1.6666666666666667
3887,4.088057846592132
3888,3.0991779875919847
3889,1.6666666666666667
3890,4.599127298047932
3891,1.666565149739385
3892,4.333333333333333
3893,6.0724637681159415
3894,6.0724637681159415
3895,1.8310788195801597
3896,4.333333333333333
3897,4.833333333333333
3898,1.6666666666666667
3899,4.333333333333333
3900,5.014654049396506
3901,4.333333333333333
3902,4.333333333333333
3903,1.6663035208325343
3904,1.650196100956991
3905,4.333333333333333
3906,1.6666666666666667
3907,4.335670545353065
3908,4.333333333333333
3909,4.333333333333333
3910,4.333333333333333
3911,4.833333333333333
3912,1.6666666666666667
3913,4.333333333333333
3914,1.6572358955526711
3915,1.6666666666666667
3916,1.5686803407853964
3917,1.6666666666666667
3918,1.6666666666666667
3919,3.139012927196247
3920,4.333333333333333
3921,6.0724637681159415
3922,2.9995379593716973
3923,1.6666666666666667
3924,4.357036011264116
3925,4.400619558697984
3926,4.333333333333333
3927,2.2781458282181233
3928,1.6444447916929907
3929,5.134915644901295
3930,5.134915644901295
3931,4.333333333333333
3932,6.0724637681159415
3933,1.6653810284962394
3934,1.6653810284962394
3935,4.336908082531782
3936,1.6666666666666667
3937,4.348725430875083
3938,2.9717874989326507
3939,2.7381928266204887
3940,1.6657424332781507
3941,1.6657424332781507
3942,2.8506227950069456
3943,1.666484938104852
3944,2.988812149348765
3945,4.333333333333333
3946,1.650808065208065
3947,3.0102370377455303
3948,4.34514606255973
3949,1.6666666666666667
3950,1.6076333681402672
3951,1.6653417406013533
3952,3.1523394727243463
3953,4.53532039734568
3954,4.53532039734568
3955,4.367094147655414
3956,4.333333333333333
3957,3.0
3958,1.6666666666666667
3959,6.0724637681159415
3960,1.6666666666666667
3961,2.9699968368650587
3962,2.9468388689176295
3963,1.6666666666666667
3964,4.1147316071605315
3965,4.336418036772058
3966,4.333333333333333
3967,5.774415012722274
3968,3.3385778961013184
3969,3.005181117738344
3970,1.6425571849754377
3971,6.07183451484092
3972,3.7120901391572456
3973,1.6659226878804252
3974,2.9870748476972766
3975,1.640700176298028
3976,1.6666666666666667
3977,1.6666666666666667
3978,1.6666666666666667
3979,4.842084410108884
3980,4.358469386494121
3981,2.9436158979970024
3982,1.6666666666666667
3983,3.0
3984,4.116990713696031
3985,1.583831722300139
3986,4.333333333333333
3987,1.6666666666666667
3988,1.6658907286178222
3989,6.0724637572838995
3990,4.333333333333333
3991,1.6666620947273354
3992,3.0002406878892915
3993,3.266039192982446
3994,4.336342560019064
3995,1.6666666666666667
3996,6.0724637681159415
3997,1.6666666666666667
3998,1.6666666666666667
3999,6.072463618658438
4000,1.6666666666666667
4001,1.6080994693283297
4002,5.321453258797736
4003,4.572077557362421
4004,2.993189825604744
4005,3.834133241271021
4006,4.874350039348718
4007,1.663943490984685
4008,4.333333333333333
4009,1.6666666666666667
4010,1.6459289438327152
4011,1.636683747454403
4012,5.874351623192416
4013,5.874351623192416
4014,6.0724637681159415
4015,1.6558329232839508
4016,6.043734633755334
4017,1.6666666666666667
4018,6.09212701413589
4019,1.6666666666666667
4020,4.333335924043244
4021,1.6666666666666667
4022,1.6663856676781301
4023,1.6666666666666667
4024,3.9447741104938023
4025,3.9447741104938023
4026,1.6364175027287289
4027,3.2518056898636853
4028,2.7721259583201188
4029,1.6657612453930517
4030,1.6659905960094417
4031,4.346452076368596
4032,4.375005257687948
4033,1.6579305536042444
4034,4.369768125616058
4035,4.852601566705237
4036,6.0724637681159415
4037,4.333616443553643
4038,6.043201122554103
4039,6.067691211407563
4040,4.336474224460132
4041,1.6409195303659867
4042,4.372446012248293
4043,2.8997346555596364
4044,3.0
4045,6.0724637681159415
4046,4.333333333333333
4047,2.994597842150148
4048,3.814156687980358
4049,3.162348313984193
4050,1.66448885825359
4051,4.333333333333333
4052,5.981886115136314
4053,1.6580337874659403
4054,2.770313462705529
4055,1.6666666666666667
4056,4.333333333333333
4057,6.0724637681159415
4058,2.685423499681799
4059,4.82252301967764
4060,3.1481157621917046
4061,2.894968193269257
4062,1.6567980643251778
4063,1.6666666666666667
4064,1.6390312791975479
4065,1.6666666666666667
4066,4.333333333333333
4067,3.0
4068,4.333333333333333
4069,2.783906493730976
4070,4.346781647986404
4071,5.914960055866252
4072,4.833333333333333
4073,1.6666666666666667
4074,4.333333333333333
4075,4.342738231426695
4076,4.333333333333333
4077,1.6666666666666667
4078,1.6666666666666667
4079,1.6454858988900538
4080,4.078091144994152
4081,1.5970938167941233
4082,2.8674675197912673
4083,4.333333333333333
4084,4.333333333333333
4085,1.6666666666666667
4086,6.0724637681159415
4087,1.6562023025847081
4088,1.5790617446843658
4089,1.6666666666666667
4090,4.361148435899801
4091,4.333333333333333
4092,4.333333333333333
4093,4.354279413442582
4094,4.354279413442582
4095,4.4636425510061715
4096,4.4636425510061715
4097,4.111497920469919
4098,2.3794940540158414
4099,1.6666666666666667
4100,1.6293604646011124
4101,2.9991100619125435
4102,4.333333333333333
4103,4.333333333333333
4104,6.0724637681159415
4105,4.242111848333404
4106,1.5926197176679326
4107,3.1729915525096533
4108,1.6656767177380312
4109,3.513446137569536
4110,1.66599507240917
4111,4.333333333333333
4112,2.997199150656092
4113,6.0724637681159415
4114,4.333333333333333
4115,4.333333333333333
4116,4.163925148543469
4117,2.95801367759575
4118,4.798564335363448
4119,3.8179520406207548
4120,1.6349013881789194
4121,1.5483558021264472
4122,1.5483558021264472
4123,6.108575479737004
4124,6.108575479737004
4125,4.87681234244663
4126,1.648973679858621
4127,1.6655488858769547
4128,3.0
4129,1.6666666666666667
4130,6.008096434564971
4131,4.733055993239209
4132,4.333333333333333
4133,6.0724637681159415
4134,1.6666666666666667
4135,4.562086712838951
4136,2.712826616607327
4137,2.5874666144230956
4138,1.6666666666666667
4139,4.333333333333333
4140,1.6567101572695355
4141,4.833333333333333
4142,1.5852645968052117
4143,3.8135970013641827
4144,3.8135970013641827
4145,4.333333333333333
4146,1.6490085842436066
4147,1.664678356176824
4148,6.0724637681159415
4149,4.636816153461008
4150,1.6666666666666667
4151,4.333333333333333
4152,1.6666666666666667
4153,4.337401994120744
4154,4.333395209790486
4155,3.7797723607168625
4156,6.0724637681159415
4157,1.925074296017657
4158,1.6666666666666667
4159,1.6634601625934449
4160,4.333333333333333
4161,1.6666666522167959
4162,4.342679977154926
4163,6.0724637681159415
4164,4.333333333333333
4165,2.356374049709957
4166,5.595927103045519
4167,1.647074706867672
4168,4.333333333333333
4169,3.1034152264601476
4170,3.70124542061973
4171,4.636272171209231
4172,1.5676288687514635
4173,1.6666666666666667
4174,4.338726086229021
4175,3.1084595267636104
4176,4.836462378509286
4177,4.395285757564297
4178,1.6666666666666667
4179,1.6653670608135218
4180,4.833333333333333
4181,1.6666666666666667
4182,4.372755141503038
4183,1.6666666666666667
4184,4.333333333333333
4185,5.585467804478871
4186,3.4283189889058447
4187,6.0724637681159415
4188,4.333333333333333
4189,3.3974861581875486
4190,4.485141373535727
4191,1.6666666666666667
4192,4.333333333333333
4193,6.0724637681159415
4194,4.54390497526369
4195,2.2932673702981243
4196,2.2932673702981243
4197,4.833333333333333
4198,1.6666666666666667
4199,3.6122585939832774
4200,1.6048089480864247
4201,5.030450736724828
4202,1.5482575873451498
4203,1.5482575873451498
4204,1.5482575873451498
4205,1.5840839361355494
4206,1.6658582519976586
4207,1.6658582519976586
4208,5.122271446580825
4209,3.0225349070431173
4210,3.0225349070431173
4211,6.0724637681159415
4212,6.0724637681159415
4213,4.333333333333333
4214,1.6666666666666667
4215,1.6646189085355596
4216,5.786095370032257
4217,1.6461308640870964
4218,2.991682364241258
4219,1.6631310578870646
4220,1.6652441790233667
4221,2.8414355271161034
4222,1.6652807450160045
4223,1.6652807450160045
4224,6.0724637681159415
4225,1.6666666666666667
4226,1.6656737145925617
4227,4.333333333333333
4228,3.0
4229,1.6666666666666667
4230,1.650089209834741
4231,1.9858704188714915
4232,6.068847777644535
4233,4.333333333333333
4234,4.69535049328306
4235,4.128071216617211
4236,5.095283901970627
4237,4.333333333333333
4238,4.051377034896377
4239,3.0536791795170717
4240,1.6666666666666667
4241,1.6666666666666667
4242,5.430135354517873
4243,3.0
4244,3.0
4245,1.6666666666666667
4246,4.352330728772686
4247,4.333333333333333
4248,4.357472469414306
4249,1.6428364980761114
4250,4.333333333333333
4251,4.316438257123551
4252,6.0724637681159415
4253,3.0
4254,4.5067166526529014
4255,2.5259278080698486
4256,2.5004797288402627
4257,1.884611750192724
4258,1.6666666666666667
4259,6.0724637681159415
4260,4.932579502002188
4261,4.334468761457201
4262,4.334576769393676
4263,4.334576769393676
4264,1.6666666666666667
4265,4.351119482966493
4266,1.654499328637188
4267,6.0724637681159415
4268,4.333333333333333
4269,1.6666666666666667
4270,1.6666666666666667
4271,1.6666666666666667
4272,1.6666666666666667
4273,1.6651728378451682
4274,6.0724637681159415
4275,5.896887346688371
4276,1.6666666666666667
4277,3.894908493658124
4278,4.333333333333333
4279,4.333333333333333
4280,1.9947149979159668
4281,1.9947149979159668
4282,1.994643202540878
4283,4.873854401068063
4284,4.333333333333333
4285,1.6658026490475166
4286,2.9993293159406718
4287,6.0724637681159415
4288,5.765488080481273
4289,3.8492318565092196
4290,1.9705144234562202
4291,4.3406357369039705
4292,4.333333333333333
4293,1.585968620067731
4294,4.333333333333333
4295,2.1913153637654736
4296,3.021246878710913
4297,3.0
4298,1.595400116620894
4299,1.5754475271477253
4300,3.0
4301,1.6628799159066416
4302,1.6628799159066416
4303,1.6666666666666667
4304,1.6666666666666667
4305,3.0454462680627703
4306,1.6443954536181264
4307,1.6666666666666667
4308,4.333444620177067
4309,5.982031356919107
4310,1.6666666666666667
4311,3.3368666257026796
4312,1.6666666666666667
4313,2.88786722432505
4314,1.5524123338686102
4315,4.346844621918952
4316,5.148627822425964
4317,2.971267908265
4318,4.333493111509177
4319,4.333333333333333
4320,3.108239264852621
4321,4.833333333333333
4322,6.0724637681159415
4323,4.333333333333333
4324,1.6665355400171649
4325,1.6666666666666667
4326,1.6653448732493734
4327,1.6471409415595322
4328,1.6754688574328873
4329,2.9246946307746193
4330,3.9362186105851085
4331,6.072441223855411
4332,3.3003022943568294
4333,4.833333333333333
4334,1.5910158349966734
4335,1.5784947205950846
4336,1.5784947205950846
4337,4.359134484137674
4338,1.6666666666666667
4339,4.032730856094465
4340,1.6659179093317606
4341,4.8089030085014395
4342,1.6379562782110135
4343,1.6379562782110135
4344,1.6583576532197322
4345,1.574344628859102
4346,1.6666666666666667
4347,4.333333333333333
4348,4.333333333333333
4349,1.6291918262615868
4350,5.3521582168303805
4351,4.333333333333333
4352,2.8697260791235175
4353,1.6522286288873103
4354,4.333333333333333
4355,1.6666666666666667
4356,1.5711087806532216
4357,1.5711087806532216
4358,3.3788939597641585
4359,4.700664161461529
4360,1.6653493351060529
4361,1.6666666666666667
4362,4.333333333333333
4363,4.36939693723179
4364,1.637935298909741
4365,1.6664891690320234
4366,1.6666666666666667
4367,1.6097079686061067
4368,4.333333333333333
4369,4.333333333333333
4370,3.0
4371,4.833333333333333
4372,4.968387052586863
4373,4.339393510003594
4374,3.8449167842427174
4375,6.0724637681159415
4376,4.099933345862737
4377,3.6613679842649494
4378,5.782888960988464
4379,4.333333333333333
4380,1.6666666666666667
4381,1.8883295643408078
4382,3.0
4383,2.9929014727460665
4384,3.322560376864451
4385,1.6666666666666667
4386,6.0724637681159415
4387,4.333333333333333
4388,4.333333333333333
4389,3.1630787232533804
4390,3.1630787232533804
4391,3.1630787232533804
4392,1.662279041745404
4393,4.353477197583261
4394,1.666382551340197
4395,3.1184963312496334
4396,1.6666666666666667
4397,4.3333983683317365
4398,1.6666666666666667
4399,1.6658046636124249
4400,3.453243130793269
4401,1.6651446014285283
4402,3.250951315418975
4403,4.353747305404257
4404,1.6643013107006124
4405,1.6560663231570325
4406,4.333333333333333
4407,5.768307967207589
4408,5.936546912863279
4409,2.693391596274249
4410,4.5722430878962115
4411,6.0724637681159415
4412,4.182596417943063
4413,4.333333333333333
4414,3.2501209511112408
4415,1.6666666666666667
4416,3.000032086360097
4417,1.6385271728512625
4418,1.7951050545299438
4419,1.6647246605769912
4420,4.333333333333333
4421,2.382542109911572
4422,1.6666666666666667
4423,1.556164593621263
4424,1.6352317350388605
4425,4.333333333333333
4426,4.333333333333333
4427,4.362584430030235
4428,3.0345307806098636
4429,4.205319646421443
4430,3.049526132133926
4431,4.333333333333333
4432,4.165943925983905
4433,4.333861961045747
4434,1.6663340551208639
4435,1.6663340551208639
4436,1.666665402244186
4437,2.698572794076492
4438,1.6384136591815333
4439,1.5753943801003334
4440,4.333333333333333
4441,6.0724637681159415
4442,1.6538838101446611
4443,4.352511886657905
4444,4.333333333333333
4445,5.601610528947633
4446,4.333333333333333
4447,6.054756667711437
4448,1.8712669039607286
4449,3.0549071951946347
4450,1.613932514016247
4451,4.333333333333333
4452,1.601607081486157
4453,4.333333333333333
4454,1.6666666666666667
4455,3.1348762322785846
4456,3.05419749316976
4457,1.6243145668777919
4458,4.104477279235717
4459,4.000330796291352
4460,1.6438517987675494
4461,2.9982296828000496
4462,1.6572156085015082
4463,1.665015310160083
4464,6.0722739480511105
4465,1.6666666666666667
4466,4.8349952650603
4467,1.5561298908973928
4468,1.5561298908973928
4469,6.036191872544895
4470,1.6666666666666667
4471,4.333333333333333
4472,4.388242718973125
4473,4.833333333333333
4474,1.6642293216287598
4475,4.333475333231459
4476,4.708769834548827
4477,4.333333333333333
4478,1.6481293138725024
4479,3.191829808242187
4480,4.333333333333333
4481,6.0724637681159415
4482,6.0724637681159415
4483,1.663209756644989
4484,1.6666666666666667
4485,6.0724637681159415
4486,3.0
4487,3.9196474366751253
4488,3.7247039998779905
4489,1.6666666666666667
4490,4.333333333333333
4491,1.6666666666666667
4492,1.6666666666666667
4493,1.6149088564293643
4494,4.266740211555677
4495,3.9852085325653057
4496,4.333333333333333
4497,1.5992862304945368
4498,5.390573397336994
4499,6.0724637681159415
4500,1.7159073238411824
4501,4.333333333333333
4502,6.021910891161183
4503,1.6564610390021393
4504,1.6666666666666667
4505,4.333333333333333
4506,2.8743849437431535
4507,4.333333333333333
4508,6.06985400182635
4509,1.5732138919056902
4510,3.0
4511,1.6607597874588087
4512,6.0724637681159415
4513,6.0724637681159415
4514,3.000217500926076
4515,2.9949728341632826
4516,1.6402213839751163
4517,2.970574733234376
4518,4.333333333333333
4519,4.870015549876434
4520,3.080079118692723
4521,1.6663000489632112
4522,4.333333333333333
4523,3.4406716451146093
4524,4.333333333333333
4525,1.6666666666666667
4526,1.700091164628277
4527,4.333333333333333
4528,2.9966045501629726
4529,4.333333333333333
4530,4.333333333333333
4531,1.6643359741599035
4532,3.095063690665773
4533,6.0724637681159415
4534,1.6665335928196834
4535,1.6655500240513594
4536,2.507664700617313
4537,6.077057422140347
4538,1.6666666666666667
4539,1.63267729434039
4540,1.666313102323928
4541,1.6666666666666667
4542,6.1031786533377845
4543,1.672408175191699
4544,1.672408175191699
4545,1.660224965615792
4546,3.557828839314357
4547,1.578867021178268
4548,6.190345029469762
4549,6.0724637681159415
4550,1.6455833520292278
4551,3.0
4552,1.5791459545428177
4553,6.036809290095953
4554,3.0148175281291674
4555,4.333333333333333
4556,4.333333333333333
4557,1.6666666666666667
4558,4.333333333333333
4559,4.133838558137005
4560,1.6504166150326853
4561,4.335907365281852
4562,3.0392835781306986
4563,4.3757990874580335
4564,6.1307979210036425
4565,1.6666666666666667
4566,3.0
4567,3.9221685003494526
4568,3.7850878929627454
4569,4.629272913572056
4570,5.483759399857957
4571,3.0318614855599186
4572,4.346692924633791
4573,3.0004932908923356
4574,1.6666666666666667
4575,4.333333333333333
4576,1.5656317234102273
4577,1.6432119571053296
4578,6.0724637681159415
4579,3.0778179828522902
4580,3.0
4581,2.5784938299354088
4582,3.3640839060899417
4583,4.333333333333333
4584,1.6666666666666667
4585,3.001658059016873
4586,4.333333333333333
4587,1.6666666666666667
4588,2.848795226455978
4589,3.0
4590,1.6666155652061723
4591,6.0724637681159415
4592,1.6666666666666667
4593,1.6666666666666667
4594,3.0
4595,1.6222559083812398
4596,1.6666666666666667
4597,6.0724637681159415
4598,6.0724637681159415
4599,4.047958448225654
4600,4.287536616908488
4601,6.076060438639159
4602,2.999489255390542
4603,1.6666666666666667
4604,3.0839767076524347
4605,3.0839767076524347
4606,1.5637758844065828
4607,1.6666666666666667
4608,2.274319299969834
4609,3.011401400257065
4610,3.958679914617789
4611,2.939347869508102
4612,4.042998018844807
4613,1.6324970368222482
4614,4.219597517354698
4615,4.333333333333333
4616,2.998641381241794
4617,4.029766501127237
4618,1.6388410625501268
4619,3.2528806576742446
4620,1.6631273457019544
4621,1.6631273457019544
4622,1.6539321859471439
4623,1.6502884590905833
4624,1.6502884590905833
4625,1.6502884590905833
4626,1.6502884590905833
4627,1.6666666666666667
4628,1.6302621844188925
4629,3.397911838165484
4630,4.333333333333333
4631,1.6543236536748516
4632,4.006400920419779
4633,3.8997964098034315
4634,3.0
4635,4.333333333333333
4636,3.0
4637,3.7139160994726392
4638,1.6666666666666667
4639,4.333333333333333
4640,1.6131050380306302
4641,2.5910836586529746
4642,6.0724637681159415
4643,1.5957335607812912
4644,1.6539035726234617
4645,3.0030851848643856
4646,6.0724637681159415
4647,6.0724637681159415
4648,1.6666666666666667
4649,1.6359814855280985
4650,6.0724637681159415
4651,1.6049400143485049
4652,3.969575675259826
4653,1.5473744469060087
4654,6.0724637681159415
4655,3.507013217121166
4656,4.380322719449226
4657,2.9940834582072138
4658,1.6229573154489634
4659,1.9879133063949843
4660,4.538749646973544
4661,4.538749646973544
4662,3.1210782952995495
4663,1.6666666666666667
4664,4.199768193165688
4665,3.0
4666,1.6666666666666667
4667,1.6666666666666667
4668,2.5923835460736484
4669,3.0
4670,4.243808649679474
4671,1.6666666666666667
4672,6.105063069918056
4673,1.666663971571145
4674,2.943703729078651
4675,5.146540056939849
4676,1.6666666666666667
4677,4.333333333333333
4678,3.926328306235849
4679,3.0452277548443063
4680,1.6666666666666667
4681,4.333333333333333
4682,2.9883509857861963
4683,1.6666666666666667
4684,1.6297519146200845
4685,1.6651683053329165
4686,1.6657908951895415
4687,2.969871787060965
4688,1.6663300524098428
4689,6.0724637681159415
4690,1.6666666666666667
4691,4.25732438562112
4692,1.6666666666666667
4693,1.6666666666666667
4694,1.6666666666666667
4695,2.9725707859031676
4696,1.6666666666666667
4697,2.7985180866782713
4698,2.695120845548072
4699,4.333545280959417
4700,4.333545280959417
4701,1.6595352058546153
4702,4.1539269426878125
4703,2.9777339180980515
4704,3.0
4705,1.6544716381830429
4706,3.0
4707,2.9954283579242054
4708,4.339694857876312
4709,1.6666666666666667
4710,3.0
4711,1.6552163545456124
4712,1.6666666666666667
4713,4.340102561916958
4714,3.0
4715,4.333333333333333
4716,4.333333333333333
4717,6.025846279374012
4718,4.34220049765331
4719,2.9988002285237365
4720,2.7114151131612134
4721,1.6665050824736747
4722,4.333333333333333
4723,4.356727310738135
4724,1.6220827079103315
4725,3.0917409895168917
4726,4.09731051836667
4727,2.946678387588092
4728,2.9358460022523123
4729,4.742850869068479
4730,5.135771900387136
4731,1.6666666666666667
4732,4.333333333333333
4733,6.0724637681159415
4734,1.6650480526880658
4735,3.0
4736,2.402453780996241
4737,3.001094307557533
4738,2.998962562985014
4739,1.8914337150282778
4740,1.8914337150282778
4741,4.431973825468831
4742,1.6664715233995018
4743,2.668912068040334
4744,1.6657101291624445
4745,4.52170076161208
4746,6.169478301463422
4747,1.6666666666666667
4748,3.000192976276261
4749,4.333333333333333
4750,4.333333333333333
4751,4.340326086591589
4752,4.340326086591589
4753,5.0327209561141695
4754,1.6666666666666667
4755,4.333333333333333
4756,1.652503102531333
4757,3.8582709903619135
4758,5.954202399598525
4759,1.624946781654485
4760,1.6088311535130184
4761,3.4059526305854626
4762,4.118810459273606
4763,1.6666666666666667
4764,4.118077688467144
4765,4.333333333333333
4766,1.6666666666666667
4767,4.835934496061371
4768,1.6666666666666667
4769,4.98785705595504
4770,1.6666666666666667
4771,4.333333333333333
4772,1.666637775405243
4773,3.0085108115311407
4774,1.6650936346126604
4775,4.329084429008544
4776,6.0724637681159415
4777,1.6666666666666667
4778,6.0724637681159415
4779,1.558669953085402
4780,4.8647304454898155
4781,6.066573742517473
4782,3.0022486144582463
4783,3.0022486144582463
4784,4.347157309191884
4785,1.6625371639456539
4786,1.650201907273609
4787,1.6666666666666667
4788,5.673774050604517
4789,1.6666666666666667
4790,1.6666666666666667
4791,6.0724637681159415
4792,2.9234128652747025
4793,2.8979392476444055
4794,1.665990409184478
4795,4.181621547991052
4796,4.369770423548489
4797,4.354117736956267
4798,3.4807792896429692
4799,1.6109295708869211
4800,1.6666666666666667
4801,1.9317803851917685
4802,1.6666666666666667
4803,5.981402788482916
4804,4.514444656087271
4805,3.768252900658261
4806,4.333333333333333
4807,4.33453428187768
4808,1.6627071494322947
4809,4.333964003187353
4810,1.6616410660705583
4811,3.161396214967448
4812,2.980809683261373
4813,1.6666666666666667
4814,4.333333333333333
4815,2.6170589588503415
4816,2.6170589588503415
4817,4.381333941018279
4818,1.6666666666666667
4819,1.6471504893115432
4820,1.6666666666666667
4821,2.8919842558850166
4822,1.6666666666666667
4823,2.9896677587554166
4824,1.5640017200712466
4825,4.333333333333333
4826,4.333333333333333
4827,6.0724637681159415
4828,5.697049390991131
4829,2.689564529196841
4830,4.340193272189786
4831,1.6666666666666667
4832,1.6657287715572024
4833,2.9995722627443135
4834,4.333333333333333
4835,2.8707877584901755
4836,6.090687206862756
4837,1.6666666666666667
4838,4.333333333333333
4839,4.333333333333333
4840,1.6654538968464605
4841,1.659993091343751
4842,2.993971270498691
4843,2.9719533310220525
4844,4.332530428929973
4845,1.6666666666666667
4846,1.6666666666666667
4847,6.0724637681159415
4848,2.6923532019408474
4849,2.6923532019408474
4850,3.040659379006418
4851,1.6504297817715017
4852,6.0724637681159415
4853,4.333333333333333
4854,1.6662327198821623
4855,5.938562428565872
4856,2.2176523344628842
4857,4.333333333333333
4858,2.992366901362811
4859,3.0007849740566415
4860,4.333477612374329
4861,1.6512994267153764
4862,1.6666666666666667
4863,4.333333333333333
4864,2.5127845177591963
4865,3.0
4866,1.6032828585512549
4867,1.6032828585512549
4868,1.6666666666666667
4869,1.645960208134272
4870,3.825072933708743
4871,2.4101387876520777
4872,1.6666663926441707
4873,1.6666666666666667
4874,1.649753360681557
4875,1.6672059742099914
4876,1.6496982575357155
4877,6.0724637681159415
4878,4.333333333333333
4879,1.6165552017431408
4880,4.030262337453655
4881,4.333333333333333
4882,1.6666666666666667
4883,5.467078388118383
4884,4.333333333333333
4885,1.6490590558532037
4886,1.9382180644611342
4887,1.9382180644611342
4888,2.994814606196335
4889,2.563853707862802
4890,4.333333333333333
4891,3.0
4892,6.0724637681159415
4893,2.000077644628541
4894,1.6666515614966713
4895,2.9552193351399443
4896,3.034917554275093
4897,2.905925409228939
4898,1.6666666666666667
4899,6.0724637681159415
4900,3.065824316730593
4901,3.0099119885046934
4902,1.6341642705150694
4903,3.0497440468258152
4904,1.6666666666666667
4905,4.432391934576034
4906,1.6666666666666667
4907,5.820159632498925
4908,2.233397155611641
4909,1.6171554842476659
4910,1.6665989165328892
4911,6.0724637681159415
4912,2.3117131340751675
4913,4.284454713165828
4914,1.6666666666666667
4915,4.296317690171312
4916,1.6106992557300188
4917,1.6666666666666667
4918,1.664631187341532
4919,4.047617288255722
4920,4.333348360833642
4921,6.044139757827823
4922,1.6666666666666667
4923,1.6663310400544527
4924,4.350153389596328
4925,5.065216194287396
4926,1.6666666666666667
4927,1.5588869483018153
4928,2.9999458560051475
4929,3.0614670173532654
4930,4.333333333333333
4931,6.151115196718049
4932,2.913914722384706
4933,4.333333333333333
4934,1.6666666666666667
4935,6.0724637681159415
4936,1.6666666666666667
4937,2.164540040757139
4938,2.1667468642074037
4939,6.06539548885296
4940,6.0724637681159415
4941,1.66646418254034
4942,1.6665826771653545
4943,1.653704073587385
4944,1.6666666666666667
4945,4.333333333333333
4946,1.5626747009962492
4947,1.5584823025005345
4948,1.6666666666666667
4949,6.072617091816934
4950,3.1348191482911405
4951,1.6666666666666667
4952,3.5931734482744435
4953,3.5931734482744435
4954,5.995149378864916
4955,2.9215132310589778
4956,6.071101035282104
4957,4.159382428473438
4958,3.1129994664477176
4959,4.334082047913893
4960,1.663649115926167
4961,3.0
4962,6.0724637681159415
4963,5.823666579198416
4964,1.6494589650705433
4965,4.142780539668327
4966,4.104222856746068
4967,1.6666666666666667
4968,1.6559010592642947
4969,3.981094174958322
4970,3.8580383566744123
4971,1.6666666666666667
4972,1.6666666666666667
4973,1.6548464049392957
4974,6.043299556555429
4975,2.7655314732991227
4976,2.7655314732991227
4977,3.252108412893675
4978,6.071237619486154
4979,1.6666666666666667
4980,1.6333943486515756
4981,6.0724637681159415
4982,4.333333333333333
4983,1.6666666666666667
4984,6.0724637681159415
4985,1.6666666666666667
4986,3.0302394290646153
4987,4.333333333333333
4988,1.658460910917963
4989,3.8418656001755647
4990,1.6655023309350037
4991,6.0724637681159415
4992,1.6109337304155467
4993,2.6505462286993824
4994,3.0
4995,4.345409735616994
4996,1.6488333314217365
4997,3.612926415020974
4998,6.0724637681159415
4999,6.073990431327923
5000,2.485706265463968
